1,2023-06-22 08:35:24 UTC,,,50.9036,,,21.4094,148,26000,,433,,,,ADS-B,,,2117
2,2023-06-22 08:37:09 UTC,,,50.7228,,,21.5855,148,25975,,430,,,,ADS-B,,,2117
3,2023-06-22 08:37:34 UTC,,,50.6795,,,21.6272,148,25975,,430,,-190 ft/min,,ADS-B,,,2117
4,2023-06-22 08:38:08 UTC,,,50.6156,,,21.6575,174,26250,,429,,,,ADS-B,,,2117
5,2023-06-22 08:38:40 UTC,,,50.5527,,,21.6687,173,26525,,427,,,,ADS-B,,,2117
6,2023-06-22 08:39:31 UTC,,,50.4483,,,21.6895,172,25975,,440,,-120 ft/min,,ADS-B,,,2117
7,2023-06-22 08:39:58 UTC,,,50.3949,,,21.7013,172,26000,,450,,,,ADS-B,,,2117
8,2023-06-22 08:40:26 UTC,,,50.3336,,,21.7147,172,26025,,460,,,,ADS-B,,,2117
9,2023-06-22 08:41:00 UTC,,,50.2637,,,21.7303,171,26025,,478,,,,ADS-B,,,2117
10,2023-06-22 08:41:28 UTC,,,50.1994,,,21.7447,172,26000,,481,,,,ADS-B,,,2117
11,2023-06-22 08:42:02 UTC,,,50.1235,,,21.761,172,26100,,474,,,,ADS-B,,,2117
12,2023-06-22 08:42:29 UTC,,,50.0662,,,21.7734,172,26800,,450,,,,ADS-B,,,2117
13,2023-06-22 08:43:02 UTC,,,49.9971,,,21.7881,172,27275,,457,,,,ADS-B,,,2117
14,2023-06-22 08:43:59 UTC,,,49.8808,,,21.8128,173,28400,,440,,,,ADS-B,,,2117
15,2023-06-22 08:44:29 UTC,,,49.8214,,,21.8256,172,28750,,449,,,,ADS-B,,,2117
16,2023-06-22 08:45:02 UTC,,,49.7508,,,21.8404,173,29250,,450,,,,ADS-B,,,2117
17,2023-06-22 08:45:53 UTC,,,49.6461,,,21.8622,172,29975,,452,,,,ADS-B,,,2117
18,2023-06-22 08:46:25 UTC,,,49.5808,,,21.8754,172,30400,,453,,,,ADS-B,,,2117
19,2023-06-22 08:46:55 UTC,,,49.5151,,,21.889,172,30700,,453,,,,ADS-B,,,2117
20,2023-06-22 08:47:25 UTC,,,49.4516,,,21.8977,179,31025,,450,,,,ADS-B,,,2117
21,2023-06-22 08:47:54 UTC,,,49.3929,,,21.899,179,31000,,460,,,,ADS-B,,,2117
22,2023-06-22 08:48:26 UTC,,,49.3203,,,21.9005,179,31025,,476,,,,ADS-B,,,2117
23,2023-06-22 08:48:58 UTC,,,49.2505,,,21.9024,179,31025,,484,,,,ADS-B,,,2117
24,2023-06-22 08:49:29 UTC,,,49.1791,,,21.9045,179,31025,,487,,,,ADS-B,,,2117
25,2023-06-22 08:49:56 UTC,,,49.1228,,,21.9064,179,30975,,480,,,,ADS-B,,,2117
26,2023-06-22 08:50:28 UTC,,,49.0484,,,21.9085,179,30975,,470,,,,ADS-B,,,2117
27,2023-06-22 08:50:53 UTC,,,48.9947,,,21.9101,179,31000,,482,,,,ADS-B,,,2117
28,2023-06-22 08:51:26 UTC,,,48.9233,,,21.9123,179,31000,,485,,,,ADS-B,,,2117
29,2023-06-22 08:51:59 UTC,,,48.8456,,,21.9145,179,31000,,480,,,,ADS-B,,,2117
30,2023-06-22 08:52:29 UTC,,,48.7805,,,21.9164,179,31000,,476,,,,ADS-B,,,2117
31,2023-06-22 08:53:00 UTC,,,48.7128,,,21.9182,179,31000,,470,,,,ADS-B,,,2117
32,2023-06-22 08:53:30 UTC,,,48.6461,,,21.9199,180,31000,,470,,,,ADS-B,,,2117
33,2023-06-22 08:54:07 UTC,,,48.5652,,,21.9222,179,30975,,476,,60 ft/min,,ADS-B,,,2117
34,2023-06-22 08:54:37 UTC,,,48.4996,,,21.9241,179,31025,,470,,,,ADS-B,,,2117
35,2023-06-22 08:55:04 UTC,,,48.4403,,,21.9258,179,31000,,476,,,,ADS-B,,,2117
36,2023-06-22 08:55:45 UTC,,,48.3502,,,21.9422,159,30975,,479,,,,ADS-B,,,2117
37,2023-06-22 08:56:10 UTC,,,48.302,,,21.9821,149,31025,,480,,,,ADS-B,,,2117
38,2023-06-22 08:56:43 UTC,,,48.2389,,,22.0399,148,31025,,484,,,,ADS-B,,,2117
39,2023-06-22 08:57:11 UTC,,,48.1848,,,22.0897,148,31000,,482,,,,ADS-B,,,2117
40,2023-06-22 08:57:45 UTC,,,48.1211,,,22.1477,148,31000,,480,,,,ADS-B,,,2117
41,2023-06-22 08:58:15 UTC,,,48.0656,,,22.1978,149,31025,,480,,,,ADS-B,,,2117
42,2023-06-22 08:58:45 UTC,,,48.0056,,,22.2517,149,31025,,480,,,,ADS-B,,,2117
43,2023-06-22 08:59:12 UTC,,,47.9598,,,22.293,148,31000,,470,,,,ADS-B,,,2117
44,2023-06-22 08:59:45 UTC,,,47.8946,,,22.3515,149,31000,,476,,,,ADS-B,,,2117
45,2023-06-22 09:00:12 UTC,,,47.8404,,,22.4003,149,31000,,480,,,,ADS-B,,,2117
46,2023-06-22 09:00:44 UTC,,,47.7918,,,22.4757,117,30950,,470,,,,ADS-B,,,2117
47,2023-06-22 09:01:10 UTC,,,47.7739,,,22.5547,106,31000,,470,,,,ADS-B,,,2117
48,2023-06-22 09:01:44 UTC,,,47.7544,,,22.6607,105,31000,,478,,,,ADS-B,,,2117
49,2023-06-22 09:02:16 UTC,,,47.736,,,22.7619,105,30975,,471,,,,ADS-B,,,2117
50,2023-06-22 09:02:39 UTC,,,47.7232,,,22.8344,105,30975,,470,,,,ADS-B,,,2117
51,2023-06-22 09:03:12 UTC,,,47.7051,,,22.9361,105,31000,,478,,,,ADS-B,,,2117
52,2023-06-22 09:03:46 UTC,,,47.6858,,,23.0414,105,31000,,478,,,,ADS-B,,,2117
53,2023-06-22 09:04:16 UTC,,,47.6671,,,23.141,106,31000,,473,,,,ADS-B,,,2117
54,2023-06-22 09:04:45 UTC,,,47.651,,,23.2269,106,31000,,474,,,,ADS-B,,,2117
55,2023-06-22 09:05:11 UTC,,,47.6347,,,23.3131,105,31000,,477,,,,ADS-B,,,2117
56,2023-06-22 09:05:52 UTC,,,47.6115,,,23.4356,106,31000,,476,,,,ADS-B,,,2117
57,2023-06-22 09:06:15 UTC,,,47.5975,,,23.5081,106,31025,,475,,,,ADS-B,,,2117
58,2023-06-22 09:06:48 UTC,,,47.577,,,23.6156,106,31000,,476,,,,ADS-B,,,2117
59,2023-06-22 09:07:22 UTC,,,47.5559,,,23.7238,106,31025,,479,,,,ADS-B,,,2117
60,2023-06-22 09:07:50 UTC,,,47.5388,,,23.812,106,31025,,481,,,,ADS-B,,,2117
61,2023-06-22 09:08:21 UTC,,,47.5205,,,23.9055,106,31000,,481,,,,ADS-B,,,2117
62,2023-06-22 09:08:50 UTC,,,47.502,,,23.9996,106,31000,,480,,,,ADS-B,,,2117
63,2023-06-22 09:09:22 UTC,,,47.4824,,,24.0987,106,31000,,479,,,,ADS-B,,,2117
64,2023-06-22 09:09:50 UTC,,,47.4647,,,24.1883,106,31025,,480,,,,ADS-B,,,2117
65,2023-06-22 09:10:20 UTC,,,47.4473,,,24.2765,106,31000,,484,,,,ADS-B,,,2117
66,2023-06-22 09:10:52 UTC,,,47.4264,,,24.382,106,31000,,483,,,,ADS-B,,,2117
67,2023-06-22 09:11:18 UTC,,,47.4112,,,24.4573,107,31025,,480,,,,ADS-B,,,2117
68,2023-06-22 09:11:51 UTC,,,47.3892,,,24.5668,107,30975,,480,,,,ADS-B,,,2117
69,2023-06-22 09:12:14 UTC,,,47.3736,,,24.644,107,30975,,483,,,,ADS-B,,,
70,2023-06-22 09:13:45 UTC,,,47.3153,,,24.9283,107,31000,,480,,,,ADS-B,,,2117
71,2023-06-22 09:14:07 UTC,,,47.3009,,,24.9978,107,31000,,480,,,,ADS-B,,,2117
72,2023-06-22 09:15:23 UTC,,,47.3063,,,25.2373,066,32525,,469,,,,ADS-B,,,2117
73,2023-06-22 09:16:01 UTC,,,47.3404,,,25.3423,064,31000,,470,,,,ADS-B,,,2117
74,2023-06-22 09:16:30 UTC,,,47.3678,,,25.4244,064,31000,,460,,,,ADS-B,,,2117
75,2023-06-22 09:17:27 UTC,,,47.4223,,,25.5874,064,32525,,460,,,,ADS-B,,,2117
76,2023-06-22 09:18:00 UTC,,,47.4506,,,25.6723,064,31025,,461,,,,ADS-B,,,2117
77,2023-06-22 09:18:14 UTC,,,47.4662,,,25.7198,064,31000,,457,,,,ADS-B,,,2117
78,2023-06-22 09:18:49 UTC,,,47.4992,,,25.8202,064,31000,,456,,,,ADS-B,,,2117
79,2023-06-22 09:19:27 UTC,,,47.5324,,,25.9215,064,31000,,462,,,,ADS-B,,,2117
80,2023-06-22 09:19:59 UTC,,,47.5634,,,26.0157,064,30975,,460,,,,ADS-B,,,2117
81,2023-06-22 09:20:47 UTC,,,47.6077,,,26.1524,064,31025,,460,,,,ADS-B,,,2117
82,2023-06-22 09:21:31 UTC,,,47.6405,,,26.2849,079,31025,,463,,,,ADS-B,,,2117
83,2023-06-22 09:22:03 UTC,,,47.6288,,,26.3762,114,31000,,454,,,,ADS-B,,,2117
84,2023-06-22 09:22:23 UTC,,,47.604,,,26.4283,130,31000,,460,,,,ADS-B,,,2117
85,2023-06-22 09:23:09 UTC,,,47.5185,,,26.4908,163,31000,,464,,,,ADS-B,,,2117
86,2023-06-22 09:23:40 UTC,,,47.4527,,,26.5277,157,30975,,460,,,,ADS-B,,,2117
87,2023-06-22 09:24:01 UTC,,,47.4114,,,26.5548,156,31000,,460,,,,ADS-B,,,2117
88,2023-06-22 09:24:41 UTC,,,47.3342,,,26.6074,154,32425,,464,,,,ADS-B,,,2117
89,2023-06-22 09:25:03 UTC,,,47.2901,,,26.6375,155,31000,,464,,,,ADS-B,,,2117
90,2023-06-22 09:25:36 UTC,,,47.2265,,,26.6819,154,31025,,468,,,,ADS-B,,,2117
91,2023-06-22 09:26:04 UTC,,,47.1714,,,26.7209,154,31000,,468,,,,ADS-B,,,2117
92,2023-06-22 09:26:47 UTC,,,47.0888,,,26.7795,154,30975,,465,,,,ADS-B,,,2117
93,2023-06-22 09:27:21 UTC,,,47.023,,,26.8265,154,31000,,467,,,,ADS-B,,,2117
94,2023-06-22 09:27:51 UTC,,,46.9643,,,26.8685,154,31000,,469,,,,ADS-B,,,2117
95,2023-06-22 09:28:23 UTC,,,46.9018,,,26.9126,154,32450,,469,,,,ADS-B,,,2117
96,2023-06-22 09:28:48 UTC,,,46.8545,,,26.946,154,30975,,468,,,,ADS-B,,,2117
97,2023-06-22 09:29:34 UTC,,,46.767,,,27.0075,155,31025,,460,,,,ADS-B,,,2117
98,2023-06-22 09:30:09 UTC,,,46.6932,,,27.0591,154,31000,,470,,-60 ft/min,,ADS-B,,,2117
99,2023-06-22 09:30:37 UTC,,,46.6398,,,27.0965,154,32450,,471,,,,ADS-B,,,2117
100,2023-06-22 09:31:07 UTC,,,46.5788,,,27.1388,155,31000,,471,,,,ADS-B,,,2117
101,2023-06-22 09:31:39 UTC,,,46.5198,,,27.1796,155,31000,,471,,,,ADS-B,,,2117
102,2023-06-22 09:32:08 UTC,,,46.4603,,,27.221,155,32450,,470,,,,ADS-B,,,2117
103,2023-06-22 09:32:39 UTC,,,46.4009,,,27.2622,154,32425,,470,,,,ADS-B,,,2117
104,2023-06-22 09:33:10 UTC,,,46.3376,,,27.306,154,31000,,470,,-60 ft/min,,ADS-B,,,2117
105,2023-06-22 09:33:42 UTC,,,46.2767,,,27.3472,156,31025,,470,,,,ADS-B,,,2117
106,2023-06-22 09:34:07 UTC,,,46.2258,,,27.3787,157,31025,,475,,,,ADS-B,,,2117
107,2023-06-22 09:34:38 UTC,,,46.1606,,,27.4177,157,31000,,470,,,,ADS-B,,,2117
108,2023-06-22 09:35:13 UTC,,,46.0907,,,27.4589,158,32400,,471,,,,ADS-B,,,2117
109,2023-06-22 09:35:44 UTC,,,46.0271,,,27.496,158,31000,,473,,,,ADS-B,,,2117
110,2023-06-22 09:36:05 UTC,,,45.9849,,,27.5207,158,31000,,475,,,,ADS-B,,,2117
111,2023-06-22 09:36:43 UTC,,,45.9094,,,27.5647,158,31000,,477,,,,ADS-B,,,2117
112,2023-06-22 09:37:16 UTC,,,45.84,,,27.605,158,31000,,470,,-60 ft/min,,ADS-B,,,2117
113,2023-06-22 09:37:48 UTC,,,45.7769,,,27.6416,158,32400,,473,,,,ADS-B,,,2117
114,2023-06-22 09:38:18 UTC,,,45.7187,,,27.6752,158,30975,,475,,,,ADS-B,,,2117
115,2023-06-22 09:38:49 UTC,,,45.6535,,,27.7129,158,32450,,476,,,,ADS-B,,,2117
116,2023-06-22 09:39:12 UTC,,,45.6052,,,27.7408,158,31025,,476,,,,ADS-B,,,2117
117,2023-06-22 09:39:50 UTC,,,45.5271,,,27.7854,158,31000,,460,,60 ft/min,,ADS-B,,,2117
118,2023-06-22 09:40:21 UTC,,,45.4643,,,27.8211,158,31000,,468,,,,ADS-B,,,2117
119,2023-06-22 09:40:57 UTC,,,45.392,,,27.8627,158,31000,,472,,,,ADS-B,,,2117
120,2023-06-22 09:41:25 UTC,,,45.3346,,,27.8953,158,31000,,472,,,,ADS-B,,,2117
121,2023-06-22 09:41:53 UTC,,,45.2781,,,27.9274,158,31000,,460,,,,ADS-B,,,2117
122,2023-06-22 09:42:24 UTC,,,45.2185,,,27.9611,158,31000,,466,,,,ADS-B,,,2117
123,2023-06-22 09:42:56 UTC,,,45.1518,,,27.9988,158,31000,,468,,,,ADS-B,,,2117
124,2023-06-22 09:43:27 UTC,,,45.0916,,,28.0329,158,31000,,470,,,,ADS-B,,,2117
125,2023-06-22 09:43:44 UTC,,,45.057,,,28.0522,159,31000,,470,,,,ADS-B,,,2117
126,2023-06-22 09:44:17 UTC,,,44.9914,,,28.0889,159,30975,,467,,,,ADS-B,,,2117
127,2023-06-22 09:44:52 UTC,,,44.9211,,,28.1279,159,30975,,467,,,,ADS-B,,,2117
128,2023-06-22 09:45:26 UTC,,,44.8505,,,28.1673,158,31000,,470,,190 ft/min,,ADS-B,,,2117
129,2023-06-22 09:45:52 UTC,,,44.7987,,,28.1962,158,31000,,471,,,,ADS-B,,,2117
130,2023-06-22 09:46:27 UTC,,,44.7292,,,28.2347,159,31000,,467,,,,ADS-B,,,2117
131,2023-06-22 09:47:12 UTC,,,44.6435,,,28.2821,158,32375,,469,,,,ADS-B,,,2117
132,2023-06-22 09:47:40 UTC,,,44.5811,,,28.3169,158,31000,,472,,,,ADS-B,,,2117
133,2023-06-22 09:48:08 UTC,,,44.5255,,,28.3477,159,31000,,472,,,,ADS-B,,,2117
134,2023-06-22 09:48:44 UTC,,,44.4521,,,28.3881,159,31000,,471,,160 ft/min,,ADS-B,,,2117
135,2023-06-22 09:48:57 UTC,,,44.4282,,,28.4011,159,31025,,471,,,,ADS-B,,,2117
136,2023-06-22 09:49:49 UTC,,,44.3215,,,28.4599,159,31000,,470,,,,ADS-B,,,2117
137,2023-06-22 09:50:30 UTC,,,44.2359,,,28.4983,174,31050,,477,,-32 ft/min,,ADS-B,,,2117
138,2023-06-22 09:50:58 UTC,,,44.175,,,28.4861,199,31025,,474,,,,ADS-B,,,2117
139,2023-06-22 09:51:23 UTC,,,44.1296,,,28.4448,224,31025,,460,,,,ADS-B,,,2117
140,2023-06-22 09:51:53 UTC,,,44.0982,,,28.3718,250,31025,,441,,,,ADS-B,,,2117
141,2023-06-22 09:52:30 UTC,,,44.1015,,,28.272,291,32375,,409,,,,ADS-B,,,2117
142,2023-06-22 09:53:00 UTC,,,44.1358,,,28.2138,324,31025,,370,,60 ft/min,,ADS-B,,,2117
143,2023-06-22 09:53:27 UTC,,,44.1751,,,28.1948,351,31000,,360,,,,ADS-B,,,2117
144,2023-06-22 09:54:01 UTC,,,44.2368,,,28.1799,348,31025,,370,,120 ft/min,,ADS-B,,,2117
145,2023-06-22 09:54:30 UTC,,,44.2844,,,28.1637,346,31025,,376,,,,ADS-B,,,2117
146,2023-06-22 09:55:31 UTC,,,44.3857,,,28.1251,344,31000,,370,,,,ADS-B,,,2117
147,2023-06-22 09:56:08 UTC,,,44.4492,,,28.0995,344,32400,,377,,,,ADS-B,,,2117
148,2023-06-22 09:56:42 UTC,,,44.5067,,,28.0764,344,31000,,370,,,,ADS-B,,,2117
149,2023-06-22 09:57:04 UTC,,,44.5426,,,28.062,344,31000,,375,,,,ADS-B,,,2117
150,2023-06-22 09:57:38 UTC,,,44.6,,,28.0389,344,31000,,375,,,,ADS-B,,,2117
151,2023-06-22 09:58:13 UTC,,,44.6584,,,28.0151,344,31000,,370,,,,ADS-B,,,2117
152,2023-06-22 09:58:50 UTC,,,44.7205,,,27.9901,344,31000,,379,,32 ft/min,,ADS-B,,,2117
153,2023-06-22 09:59:15 UTC,,,44.7607,,,27.9738,344,31000,,378,,,,ADS-B,,,2117
154,2023-06-22 09:59:49 UTC,,,44.8191,,,27.9502,344,31000,,370,,60 ft/min,,ADS-B,,,2117
155,2023-06-22 10:00:15 UTC,,,44.8609,,,27.9331,344,31000,,370,,,,ADS-B,,,2117
156,2023-06-22 10:00:45 UTC,,,44.9103,,,27.913,344,31000,,379,,,,ADS-B,,,2117
157,2023-06-22 10:01:21 UTC,,,44.972,,,27.8877,344,30975,,378,,32 ft/min,,ADS-B,,,
158,2023-06-22 10:01:49 UTC,,,45.0202,,,27.8681,344,30975,,370,,-60 ft/min,,ADS-B,,,2117
159,2023-06-22 10:02:22 UTC,,,45.0756,,,27.8453,344,31000,,377,,,,ADS-B,,,2117
160,2023-06-22 10:02:50 UTC,,,45.1229,,,27.8258,344,31000,,378,,,,ADS-B,,,2117
161,2023-06-22 10:03:27 UTC,,,45.1845,,,27.8004,344,31025,,370,,-60 ft/min,,ADS-B,,,2117
162,2023-06-22 10:03:51 UTC,,,45.2235,,,27.7843,344,31000,,371,,,,ADS-B,,,2117
163,2023-06-22 10:04:30 UTC,,,45.2868,,,27.7583,344,31000,,371,,,,ADS-B,,,2117
164,2023-06-22 10:05:01 UTC,,,45.338,,,27.7371,344,31025,,372,,,,ADS-B,,,2117
165,2023-06-22 10:05:32 UTC,,,45.3894,,,27.7158,344,31000,,360,,,,ADS-B,,,2117
166,2023-06-22 10:06:01 UTC,,,45.4366,,,27.6963,344,30975,,360,,,,ADS-B,,,2117
167,2023-06-22 10:06:26 UTC,,,45.4786,,,27.6787,343,31025,,371,,,,ADS-B,,,2117
168,2023-06-22 10:07:05 UTC,,,45.5411,,,27.6525,343,31000,,373,,,,ADS-B,,,2117
169,2023-06-22 10:07:31 UTC,,,45.586,,,27.6338,344,31000,,360,,,,ADS-B,,,2117
170,2023-06-22 10:08:03 UTC,,,45.6381,,,27.6121,344,31000,,367,,32 ft/min,,ADS-B,,,2117
171,2023-06-22 10:08:34 UTC,,,45.6877,,,27.5913,344,31000,,370,,60 ft/min,,ADS-B,,,2117
172,2023-06-22 10:09:05 UTC,,,45.7386,,,27.5697,343,31000,,372,,,,ADS-B,,,2117
173,2023-06-22 10:09:33 UTC,,,45.784,,,27.5506,344,31000,,372,,,,ADS-B,,,2117
174,2023-06-22 10:10:03 UTC,,,45.8351,,,27.5291,344,30975,,369,,,,ADS-B,,,2117
175,2023-06-22 10:10:33 UTC,,,45.8826,,,27.5092,343,31000,,371,,,,ADS-B,,,2117
176,2023-06-22 10:11:03 UTC,,,45.933,,,27.4877,343,31000,,376,,,,ADS-B,,,2117
177,2023-06-22 10:11:29 UTC,,,45.976,,,27.4693,344,31025,,375,,,,ADS-B,,,2117
178,2023-06-22 10:12:00 UTC,,,46.0265,,,27.4479,344,31000,,372,,,,ADS-B,,,2117
179,2023-06-22 10:12:34 UTC,,,46.083,,,27.424,344,31000,,370,,-60 ft/min,,ADS-B,,,2117
180,2023-06-22 10:13:05 UTC,,,46.1335,,,27.4026,344,31000,,372,,,,ADS-B,,,2117
181,2023-06-22 10:13:34 UTC,,,46.1794,,,27.3828,343,31025,,377,,,,ADS-B,,,2117
182,2023-06-22 10:14:04 UTC,,,46.2326,,,27.3598,343,31000,,370,,,,ADS-B,,,2117
183,2023-06-22 10:14:43 UTC,,,46.2976,,,27.332,344,30975,,370,,,,ADS-B,,,2117
184,2023-06-22 10:15:13 UTC,,,46.3372,,,27.2886,308,30975,,380,,,,ADS-B,,,2117
185,2023-06-22 10:15:28 UTC,,,46.3464,,,27.2511,282,30975,,395,,,,ADS-B,,,2117
186,2023-06-22 10:16:15 UTC,,,46.3124,,,27.1376,224,31000,,447,,,,ADS-B,,,2117
187,2023-06-22 10:16:36 UTC,,,46.2714,,,27.1115,193,30975,,461,,,,ADS-B,,,2117
188,2023-06-22 10:17:13 UTC,,,46.1927,,,27.1335,155,31000,,465,,,,ADS-B,,,2117
189,2023-06-22 10:17:42 UTC,,,46.1393,,,27.1713,153,31000,,470,,,,ADS-B,,,2117
190,2023-06-22 10:18:16 UTC,,,46.0712,,,27.2212,154,31000,,460,,,,ADS-B,,,2117
191,2023-06-22 10:18:49 UTC,,,46.0087,,,27.267,153,31000,,465,,,,ADS-B,,,2117
192,2023-06-22 10:19:17 UTC,,,45.9554,,,27.306,153,31000,,467,,,,ADS-B,,,2117
193,2023-06-22 10:19:30 UTC,,,45.9294,,,27.3248,153,31000,,470,,-160 ft/min,,ADS-B,,,2117
194,2023-06-22 10:20:49 UTC,,,45.7822,,,27.4297,154,30975,,464,,,,MLAT,,,
195,2023-06-22 10:21:22 UTC,,,45.7196,,,27.4721,157,30975,,464,,,,MLAT,,,2117
196,2023-06-22 10:21:28 UTC,,,45.7062,,,27.4857,145,31000,,460,,,,MLAT,,,2117
197,2023-06-22 10:22:24 UTC,,,45.5958,,,27.5671,148,31000,,470,,,,MLAT,,,2117
198,2023-06-22 10:24:41 UTC,,,45.3265,,,27.7563,155,31000,,468,,,,MLAT,,,2117
199,2023-06-22 10:25:25 UTC,,,45.2408,,,27.8185,154,31000,,470,,,,ADS-B,,,2117
200,2023-06-22 10:25:49 UTC,,,45.193,,,27.8523,154,31000,,467,,,,ADS-B,,,2117
201,2023-06-22 10:26:21 UTC,,,45.1313,,,27.8958,154,30975,,466,,,,ADS-B,,,2117
202,2023-06-22 10:26:46 UTC,,,45.0833,,,27.9295,154,31000,,470,,,,ADS-B,,,2117
203,2023-06-22 10:27:25 UTC,,,45.0068,,,27.9835,154,31000,,471,,,,ADS-B,,,2117
204,2023-06-22 10:27:55 UTC,,,44.9481,,,28.0244,154,30975,,466,,,,ADS-B,,,2117
205,2023-06-22 10:28:33 UTC,,,44.8795,,,28.0723,154,32425,,466,,,,ADS-B,,,2117
206,2023-06-22 10:29:12 UTC,,,44.8022,,,28.1261,154,31000,,467,,,,ADS-B,,,2117
207,2023-06-22 10:29:44 UTC,,,44.7379,,,28.1706,154,32400,,465,,,,ADS-B,,,2117
208,2023-06-22 10:30:05 UTC,,,44.6962,,,28.1995,154,31000,,464,,,,ADS-B,,,2117
209,2023-06-22 10:30:34 UTC,,,44.6434,,,28.2359,154,32425,,463,,,,ADS-B,,,2117
210,2023-06-22 10:31:08 UTC,,,44.5783,,,28.2809,154,31025,,464,,,,ADS-B,,,2117
211,2023-06-22 10:31:41 UTC,,,44.5128,,,28.326,154,31000,,460,,60 ft/min,,ADS-B,,,2117
212,2023-06-22 10:32:14 UTC,,,44.4535,,,28.3667,154,31025,,466,,,,ADS-B,,,2117
213,2023-06-22 10:32:47 UTC,,,44.3858,,,28.4132,154,31000,,466,,,,ADS-B,,,2117
214,2023-06-22 10:34:49 UTC,,,44.1416,,,28.4711,215,31025,,460,,-60 ft/min,,ADS-B,,,2117
215,2023-06-22 10:35:20 UTC,,,44.1009,,,28.4009,245,31050,,444,,,,ADS-B,,,2117
216,2023-06-22 10:35:36 UTC,,,44.0924,,,28.3583,260,31025,,431,,,,ADS-B,,,2117
217,2023-06-22 10:38:44 UTC,,,44.3462,,,28.152,344,31000,,372,,-96 ft/min,,ADS-B,,,2117
218,2023-06-22 10:39:10 UTC,,,44.3912,,,28.1339,344,31000,,374,,,,ADS-B,,,2117
219,2023-06-22 10:39:43 UTC,,,44.4449,,,28.1121,344,31000,,370,,-60 ft/min,,ADS-B,,,2117
220,2023-06-22 10:40:17 UTC,,,44.5008,,,28.0894,344,31000,,370,,,,ADS-B,,,2117
221,2023-06-22 10:40:34 UTC,,,44.5301,,,28.0774,344,31000,,360,,,,ADS-B,,,2117
222,2023-06-22 10:41:25 UTC,,,44.6138,,,28.0431,344,31000,,371,,,,ADS-B,,,2117
223,2023-06-22 10:41:55 UTC,,,44.6642,,,28.0224,344,31000,,371,,,,ADS-B,,,2117
224,2023-06-22 10:42:38 UTC,,,44.7353,,,27.9931,344,31000,,368,,,,ADS-B,,,2117
225,2023-06-22 10:43:08 UTC,,,44.7845,,,27.973,344,31000,,367,,,,ADS-B,,,2117
226,2023-06-22 10:43:35 UTC,,,44.8283,,,27.955,344,31025,,360,,,,ADS-B,,,2117
227,2023-06-22 10:44:04 UTC,,,44.875,,,27.9356,344,31000,,372,,,,ADS-B,,,2117
228,2023-06-22 10:44:37 UTC,,,44.928,,,27.9137,345,31000,,370,,,,ADS-B,,,2117
229,2023-06-22 10:45:08 UTC,,,44.9796,,,27.8923,344,31000,,368,,,,ADS-B,,,2117
230,2023-06-22 10:45:38 UTC,,,45.0295,,,27.8716,344,31025,,371,,,,ADS-B,,,2117
231,2023-06-22 10:46:09 UTC,,,45.0786,,,27.8511,343,31025,,360,,,,ADS-B,,,2117
232,2023-06-22 10:46:34 UTC,,,45.1203,,,27.8338,344,30975,,365,,,,ADS-B,,,2117
233,2023-06-22 10:47:05 UTC,,,45.1705,,,27.8129,343,31000,,364,,,,ADS-B,,,2117
234,2023-06-22 10:47:40 UTC,,,45.2287,,,27.7886,343,31000,,366,,,,ADS-B,,,2117
235,2023-06-22 10:48:03 UTC,,,45.2657,,,27.773,344,31000,,367,,,,ADS-B,,,2117
236,2023-06-22 10:48:39 UTC,,,45.3245,,,27.7485,344,31000,,366,,,,ADS-B,,,2117
237,2023-06-22 10:49:12 UTC,,,45.3778,,,27.726,344,30975,,360,,,,ADS-B,,,2117
238,2023-06-22 10:49:42 UTC,,,45.427,,,27.7052,344,31000,,371,,,,ADS-B,,,2117
239,2023-06-22 10:50:12 UTC,,,45.4758,,,27.6846,345,31000,,371,,-120 ft/min,,ADS-B,,,2117
240,2023-06-22 10:50:34 UTC,,,45.5119,,,27.6693,344,31000,,368,,,,ADS-B,,,2117
241,2023-06-22 10:51:07 UTC,,,45.5644,,,27.6472,344,31000,,360,,,,ADS-B,,,2117
242,2023-06-22 10:51:41 UTC,,,45.6202,,,27.6235,343,31000,,370,,,,ADS-B,,,2117
243,2023-06-22 10:52:09 UTC,,,45.6663,,,27.6038,343,31000,,371,,,,ADS-B,,,2117
244,2023-06-22 10:52:42 UTC,,,45.7218,,,27.5801,343,31000,,370,,,,ADS-B,,,2117
245,2023-06-22 10:53:09 UTC,,,45.7665,,,27.5611,344,31025,,360,,,,ADS-B,,,2117
246,2023-06-22 10:53:43 UTC,,,45.822,,,27.5373,343,31025,,371,,,,ADS-B,,,2117
247,2023-06-22 10:54:10 UTC,,,45.8661,,,27.5184,342,31000,,371,,,,ADS-B,,,2117
248,2023-06-22 10:54:48 UTC,,,45.9279,,,27.4921,343,31000,,369,,,,ADS-B,,,2117
249,2023-06-22 10:55:39 UTC,,,46.0118,,,27.456,343,31000,,370,,,,ADS-B,,,2117
250,2023-06-22 10:56:11 UTC,,,46.0638,,,27.4337,343,31000,,373,,,,ADS-B,,,2117
251,2023-06-22 10:56:40 UTC,,,46.1119,,,27.4127,344,31025,,370,,,,ADS-B,,,2117
252,2023-06-22 10:58:11 UTC,,,46.2611,,,27.3479,343,31000,,370,,,,ADS-B,,,2117
253,2023-06-22 10:58:51 UTC,,,46.3251,,,27.3107,321,32425,,376,,,,ADS-B,,,2117
254,2023-06-22 10:59:21 UTC,,,46.3474,,,27.2462,277,30975,,390,,,,ADS-B,,,2117
255,2023-06-22 10:59:50 UTC,,,46.332,,,27.1693,236,30975,,420,,,,ADS-B,,,2117
256,2023-06-22 11:00:20 UTC,,,46.2864,,,27.1226,200,30975,,450,,,,ADS-B,,,2117
257,2023-06-22 11:00:53 UTC,,,46.2142,,,27.1303,157,30975,,450,,,,ADS-B,,,2117
258,2023-06-22 11:01:55 UTC,,,46.0975,,,27.215,153,31000,,460,,,,ADS-B,,,2117
259,2023-06-22 11:02:27 UTC,,,46.0361,,,27.2598,153,31000,,461,,,,ADS-B,,,2117
260,2023-06-22 11:02:57 UTC,,,45.9785,,,27.3014,153,31000,,461,,192 ft/min,,ADS-B,,,2117
261,2023-06-22 11:03:23 UTC,,,45.928,,,27.338,153,31000,,464,,190 ft/min,,ADS-B,,,2117
262,2023-06-22 11:04:04 UTC,,,45.8485,,,27.3955,154,31025,,466,,,,ADS-B,,,2117
263,2023-06-22 11:05:02 UTC,,,45.7386,,,27.4739,154,31000,,464,,,,ADS-B,,,2117
264,2023-06-22 11:05:33 UTC,,,45.6808,,,27.5152,154,31025,,465,,,,ADS-B,,,2117
265,2023-06-22 11:06:01 UTC,,,45.6255,,,27.5545,154,31000,,465,,,,ADS-B,,,2117
266,2023-06-22 11:06:32 UTC,,,45.5662,,,27.5966,153,31000,,463,,,,ADS-B,,,2117
267,2023-06-22 11:06:57 UTC,,,45.5167,,,27.6314,154,31000,,463,,,,ADS-B,,,2117
268,2023-06-22 11:07:26 UTC,,,45.4603,,,27.6713,153,31000,,466,,,,ADS-B,,,2117
269,2023-06-22 11:07:54 UTC,,,45.4073,,,27.7088,154,32450,,468,,,,ADS-B,,,2117
270,2023-06-22 11:08:29 UTC,,,45.3386,,,27.757,153,31000,,465,,,,ADS-B,,,2117
271,2023-06-22 11:08:54 UTC,,,45.2911,,,27.7902,154,31000,,464,,,,ADS-B,,,2117
272,2023-06-22 11:09:26 UTC,,,45.2306,,,27.8327,154,31000,,466,,,,ADS-B,,,2117
273,2023-06-22 11:10:02 UTC,,,45.1614,,,27.8813,154,32425,,460,,,,ADS-B,,,2117
274,2023-06-22 11:10:33 UTC,,,45.0998,,,27.9242,154,31000,,469,,,,ADS-B,,,2117
275,2023-06-22 11:11:03 UTC,,,45.043,,,27.9636,154,31000,,468,,,,ADS-B,,,2117
276,2023-06-22 11:11:27 UTC,,,44.9963,,,27.996,154,31000,,460,,,,ADS-B,,,2117
277,2023-06-22 11:11:56 UTC,,,44.9372,,,28.0368,154,31025,,466,,,,ADS-B,,,2117
278,2023-06-22 11:12:33 UTC,,,44.8691,,,28.0841,154,31000,,463,,,,ADS-B,,,2117
279,2023-06-22 11:13:00 UTC,,,44.8147,,,28.1213,154,31000,,461,,160 ft/min,,ADS-B,,,2117
280,2023-06-22 11:13:27 UTC,,,44.7635,,,28.1564,154,31000,,463,,,,ADS-B,,,2117
281,2023-06-22 11:13:57 UTC,,,44.7062,,,28.1958,154,31000,,466,,32 ft/min,,ADS-B,,,2117
282,2023-06-22 11:14:27 UTC,,,44.6498,,,28.2345,154,31000,,466,,,,ADS-B,,,2117
283,2023-06-22 11:14:57 UTC,,,44.5921,,,28.2738,154,30975,,460,,,,ADS-B,,,2117
284,2023-06-22 11:15:30 UTC,,,44.5259,,,28.3189,154,31000,,465,,,,ADS-B,,,2117
285,2023-06-22 11:16:06 UTC,,,44.4565,,,28.3661,154,31000,,467,,,,ADS-B,,,2117
286,2023-06-22 11:16:27 UTC,,,44.4166,,,28.3934,154,32425,,466,,,,ADS-B,,,2117
287,2023-06-22 11:17:00 UTC,,,44.3561,,,28.4342,155,32450,,463,,,,ADS-B,,,2117
288,2023-06-22 11:19:11 UTC,,,44.1083,,,28.4199,238,31025,,430,,,,ADS-B,,,2117
289,2023-06-22 11:21:44 UTC,,,44.2567,,,28.1994,346,31000,,360,,,,ADS-B,,,2117
290,2023-06-22 11:22:21 UTC,,,44.316,,,28.1771,344,31000,,363,,,,ADS-B,,,2117
291,2023-06-22 11:22:47 UTC,,,44.3558,,,28.1613,344,30975,,362,,,,ADS-B,,,2117
292,2023-06-22 11:23:21 UTC,,,44.4126,,,28.138,344,31000,,364,,32 ft/min,,ADS-B,,,2117
293,2023-06-22 11:23:52 UTC,,,44.4638,,,28.1168,343,31000,,366,,,,ADS-B,,,2117
294,2023-06-22 11:24:15 UTC,,,44.5023,,,28.1009,344,31000,,360,,,,ADS-B,,,2117
295,2023-06-22 11:24:56 UTC,,,44.5676,,,28.0739,344,31000,,365,,,,ADS-B,,,2117
296,2023-06-22 11:25:54 UTC,,,44.6597,,,28.0354,343,31025,,362,,,,ADS-B,,,2117
297,2023-06-22 11:26:19 UTC,,,44.6979,,,28.0196,344,31000,,350,,,,ADS-B,,,2117
298,2023-06-22 11:26:49 UTC,,,44.7462,,,27.9996,343,31000,,357,,,,ADS-B,,,2117
299,2023-06-22 11:28:07 UTC,,,44.8743,,,27.9458,344,31000,,362,,,,ADS-B,,,2117
300,2023-06-22 11:28:30 UTC,,,44.9078,,,27.9317,343,31000,,360,,,,ADS-B,,,2117
301,2023-06-22 11:29:01 UTC,,,44.9595,,,27.91,343,31000,,360,,,,ADS-B,,,2117
302,2023-06-22 11:29:35 UTC,,,45.012,,,27.8878,344,31025,,360,,,,ADS-B,,,2117
303,2023-06-22 11:30:03 UTC,,,45.0584,,,27.8681,343,31000,,360,,,,ADS-B,,,2117
304,2023-06-22 11:31:06 UTC,,,45.1596,,,27.8255,343,31025,,363,,,,ADS-B,,,2117
305,2023-06-22 11:31:25 UTC,,,45.19,,,27.8125,343,31000,,360,,,,ADS-B,,,2117
306,2023-06-22 11:32:04 UTC,,,45.2542,,,27.7852,343,31000,,366,,,,ADS-B,,,2117
307,2023-06-22 11:32:34 UTC,,,45.3002,,,27.7657,343,31000,,360,,60 ft/min,,ADS-B,,,2117
308,2023-06-22 11:33:46 UTC,,,45.4195,,,27.7148,343,31025,,366,,,,ADS-B,,,2117
309,2023-06-22 11:34:18 UTC,,,45.4685,,,27.6937,343,31000,,366,,,,ADS-B,,,2117
310,2023-06-22 11:35:14 UTC,,,45.559,,,27.6549,343,31025,,360,,,,ADS-B,,,2117
311,2023-06-22 11:35:57 UTC,,,45.6287,,,27.6248,344,31000,,367,,,,ADS-B,,,2117
312,2023-06-22 11:36:27 UTC,,,45.6781,,,27.6035,343,31000,,365,,,,ADS-B,,,2117
313,2023-06-22 11:36:49 UTC,,,45.7132,,,27.5885,344,31000,,365,,,,ADS-B,,,2117
314,2023-06-22 11:37:34 UTC,,,45.7894,,,27.5553,343,31000,,368,,,,ADS-B,,,2117
315,2023-06-22 11:38:00 UTC,,,45.8316,,,27.5368,343,30975,,370,,,,ADS-B,,,2117
316,2023-06-22 11:38:36 UTC,,,45.8883,,,27.5115,343,31550,,375,,,,ADS-B,,,2117
317,2023-06-22 11:39:09 UTC,,,45.9443,,,27.4869,343,32275,,373,,,,ADS-B,,,2117
318,2023-06-22 11:39:57 UTC,,,46.0243,,,27.4521,344,32900,,380,,,,ADS-B,,,2117
319,2023-06-22 11:40:24 UTC,,,46.0679,,,27.4331,342,33375,,370,,,,ADS-B,,,2117
320,2023-06-22 11:41:08 UTC,,,46.1422,,,27.4007,343,33950,,380,,830 ft/min,,ADS-B,,,2117
321,2023-06-22 11:41:39 UTC,,,46.1962,,,27.3771,343,34400,,380,,,,ADS-B,,,2117
322,2023-06-22 11:42:07 UTC,,,46.2432,,,27.3566,343,34725,,384,,,,ADS-B,,,2117
323,2023-06-22 11:42:40 UTC,,,46.2971,,,27.3327,343,34900,,380,,120 ft/min,,ADS-B,,,2117
324,2023-06-22 11:43:10 UTC,,,46.3395,,,27.283,308,34975,,385,,-544 ft/min,,ADS-B,,,2117
325,2023-06-22 11:43:48 UTC,,,46.3391,,,27.1866,245,34975,,420,,190 ft/min,,ADS-B,,,2117
326,2023-06-22 11:44:22 UTC,,,46.2908,,,27.1214,204,35000,,453,,,,ADS-B,,,2117
327,2023-06-22 11:44:49 UTC,,,46.2335,,,27.1125,172,35000,,470,,-120 ft/min,,ADS-B,,,2117
328,2023-06-22 11:45:40 UTC,,,46.1315,,,27.1809,152,35050,,475,,,,ADS-B,,,2117
329,2023-06-22 11:46:09 UTC,,,46.0761,,,27.2223,153,35025,,473,,,,ADS-B,,,2117
330,2023-06-22 11:46:37 UTC,,,46.0235,,,27.2612,153,35025,,470,,,,ADS-B,,,2117
331,2023-06-22 11:47:05 UTC,,,45.9688,,,27.3008,154,35025,,472,,,,ADS-B,,,2117
332,2023-06-22 11:47:35 UTC,,,45.9103,,,27.3432,153,35025,,470,,250 ft/min,,ADS-B,,,2117
333,2023-06-22 11:48:10 UTC,,,45.8405,,,27.3937,153,35050,,475,,,,ADS-B,,,2117
334,2023-06-22 11:48:39 UTC,,,45.7839,,,27.4347,154,35025,,473,,,,ADS-B,,,2117
335,2023-06-22 11:49:11 UTC,,,45.7199,,,27.4807,154,35025,,460,,,,ADS-B,,,2117
336,2023-06-22 11:49:38 UTC,,,45.6699,,,27.5161,154,35025,,470,,,,ADS-B,,,2117
337,2023-06-22 11:50:11 UTC,,,45.6051,,,27.563,153,35025,,471,,,,ADS-B,,,2117
338,2023-06-22 11:50:38 UTC,,,45.5541,,,27.6004,153,35025,,470,,,,ADS-B,,,2117
339,2023-06-22 11:50:58 UTC,,,45.5139,,,27.6294,153,35025,,468,,-128 ft/min,,ADS-B,,,2117
340,2023-06-22 11:51:43 UTC,,,45.4279,,,27.6907,154,35025,,467,,,,ADS-B,,,2117
341,2023-06-22 11:52:08 UTC,,,45.3798,,,27.7247,154,35025,,470,,,,ADS-B,,,2117
342,2023-06-22 11:52:41 UTC,,,45.3149,,,27.7705,154,35050,,472,,,,ADS-B,,,2117
343,2023-06-22 11:53:05 UTC,,,45.2674,,,27.804,153,35050,,470,,,,ADS-B,,,2117
344,2023-06-22 11:53:34 UTC,,,45.2118,,,27.8433,153,35050,,471,,,,ADS-B,,,2117
345,2023-06-22 11:54:01 UTC,,,45.1585,,,27.8808,154,35025,,470,,,,ADS-B,,,2117
346,2023-06-22 11:54:38 UTC,,,45.0848,,,27.932,154,35050,,473,,,,ADS-B,,,2117
347,2023-06-22 11:55:10 UTC,,,45.0228,,,27.9755,153,35050,,470,,,,ADS-B,,,2117
348,2023-06-22 11:55:33 UTC,,,44.9795,,,28.006,153,36525,,476,,,,ADS-B,,,2117
349,2023-06-22 11:56:11 UTC,,,44.9034,,,28.0592,154,35050,,470,,96 ft/min,,ADS-B,,,2117
350,2023-06-22 11:56:37 UTC,,,44.8529,,,28.0941,153,35025,,477,,,,ADS-B,,,2117
351,2023-06-22 11:57:16 UTC,,,44.7759,,,28.1473,154,35050,,480,,224 ft/min,,ADS-B,,,2117
352,2023-06-22 11:57:48 UTC,,,44.713,,,28.1908,154,35050,,483,,,,ADS-B,,,2117
353,2023-06-22 11:58:17 UTC,,,44.6539,,,28.2316,154,35025,,480,,250 ft/min,,ADS-B,,,2117
354,2023-06-22 11:58:42 UTC,,,44.6037,,,28.2661,154,35025,,481,,,,ADS-B,,,2117
355,2023-06-22 11:59:33 UTC,,,44.5016,,,28.3357,154,35025,,479,,,,ADS-B,,,2117
356,2023-06-22 12:00:06 UTC,,,44.4353,,,28.3807,154,35025,,481,,-224 ft/min,,ADS-B,,,2117
357,2023-06-22 12:00:21 UTC,,,44.4066,,,28.4004,154,35050,,479,,256 ft/min,,ADS-B,,,2117
358,2023-06-22 12:09:59 UTC,,,44.6552,,,28.0429,314,35025,,370,,,,MLAT,,,2117
359,2023-06-22 12:10:23 UTC,,,44.7034,,,28.0001,328,35050,,370,,,,MLAT,,,2117
360,2023-06-22 12:11:41 UTC,,,44.8306,,,27.9473,059,35025,,374,,,,MLAT,,,2117
361,2023-06-22 12:12:14 UTC,,,44.8875,,,27.9236,341,35025,,372,,,,MLAT,,,2117
362,2023-06-22 12:12:44 UTC,,,44.9386,,,27.9001,351,35025,,372,,,,MLAT,,,2117
363,2023-06-22 12:13:14 UTC,,,44.9882,,,27.8815,331,35025,,378,,,,MLAT,,,2117
364,2023-06-22 12:13:44 UTC,,,45.0366,,,27.8632,333,35025,,376,,,,MLAT,,,2117
365,2023-06-22 12:14:13 UTC,,,45.0857,,,27.8477,018,35025,,376,,,,MLAT,,,2117
366,2023-06-22 12:14:44 UTC,,,45.1378,,,27.8211,329,35025,,370,,,,MLAT,,,2117
367,2023-06-22 12:15:26 UTC,,,45.2113,,,27.7908,331,35050,,376,,,,MLAT,,,2117
368,2023-06-22 12:15:53 UTC,,,45.2527,,,27.7771,349,35050,,378,,,,MLAT,,,2117
369,2023-06-22 12:16:24 UTC,,,45.31,,,27.7483,343,35025,,370,,,,ADS-B,,,2117
370,2023-06-22 12:17:01 UTC,,,45.3716,,,27.7228,344,35025,,370,,,,ADS-B,,,2117
371,2023-06-22 12:17:28 UTC,,,45.4166,,,27.7041,344,35050,,370,,190 ft/min,,ADS-B,,,2117
372,2023-06-22 12:18:04 UTC,,,45.4768,,,27.6789,344,35025,,370,,,,ADS-B,,,2117
373,2023-06-22 12:18:34 UTC,,,45.5267,,,27.6581,344,35050,,370,,,,ADS-B,,,2117
374,2023-06-22 12:18:56 UTC,,,45.5619,,,27.6433,344,35025,,373,,,,ADS-B,,,2117
375,2023-06-22 12:19:36 UTC,,,45.6283,,,27.6153,343,35050,,373,,,,ADS-B,,,2117
376,2023-06-22 12:20:04 UTC,,,45.6742,,,27.5961,345,35025,,370,,,,ADS-B,,,2117
377,2023-06-22 12:20:34 UTC,,,45.7242,,,27.5751,344,35025,,370,,190 ft/min,,ADS-B,,,2117
378,2023-06-22 12:21:05 UTC,,,45.7747,,,27.5539,343,35025,,372,,,,ADS-B,,,2117
379,2023-06-22 12:21:28 UTC,,,45.8142,,,27.5372,343,35050,,370,,,,ADS-B,,,2117
380,2023-06-22 12:22:01 UTC,,,45.8676,,,27.5145,343,35025,,370,,,,ADS-B,,,2117
381,2023-06-22 12:22:38 UTC,,,45.9269,,,27.4894,344,35025,,370,,,,ADS-B,,,2117
382,2023-06-22 12:23:06 UTC,,,45.9754,,,27.4688,344,35025,,360,,-60 ft/min,,ADS-B,,,2117
383,2023-06-22 12:23:41 UTC,,,46.03,,,27.4459,344,35025,,374,,,,ADS-B,,,2117
384,2023-06-22 12:24:11 UTC,,,46.0821,,,27.4237,343,35050,,379,,,,ADS-B,,,2117
385,2023-06-22 12:24:36 UTC,,,46.1247,,,27.4053,344,35050,,379,,,,ADS-B,,,2117
386,2023-06-22 12:25:10 UTC,,,46.1806,,,27.3813,344,35025,,376,,,,ADS-B,,,2117
387,2023-06-22 12:25:36 UTC,,,46.2231,,,27.363,344,35025,,370,,-60 ft/min,,ADS-B,,,2117
388,2023-06-22 12:26:11 UTC,,,46.2796,,,27.3389,344,35050,,370,,,,ADS-B,,,2117
389,2023-06-22 12:26:41 UTC,,,46.3269,,,27.3058,315,35000,,377,,,,ADS-B,,,2117
390,2023-06-22 12:27:09 UTC,,,46.344,,,27.2396,274,35000,,390,,-60 ft/min,,ADS-B,,,2117
391,2023-06-22 12:27:34 UTC,,,46.331,,,27.1792,243,35025,,420,,-192 ft/min,,ADS-B,,,2117
392,2023-06-22 12:28:10 UTC,,,46.2655,,,27.1237,188,35000,,450,,,,ADS-B,,,2117
393,2023-06-22 12:28:40 UTC,,,46.2034,,,27.1437,158,35025,,460,,,,ADS-B,,,2117
394,2023-06-22 12:29:08 UTC,,,46.149,,,27.1804,154,35050,,470,,,,ADS-B,,,2117
395,2023-06-22 12:29:40 UTC,,,46.0882,,,27.2243,153,35050,,471,,,,ADS-B,,,2117
396,2023-06-22 12:30:10 UTC,,,46.0276,,,27.2683,153,35025,,460,,-120 ft/min,,ADS-B,,,2117
397,2023-06-22 12:30:40 UTC,,,45.9715,,,27.3088,153,35050,,460,,,,ADS-B,,,2117
398,2023-06-22 12:30:55 UTC,,,45.9431,,,27.3293,153,35025,,468,,,,ADS-B,,,2117
399,2023-06-22 12:31:37 UTC,,,45.8598,,,27.3892,153,35025,,472,,,,ADS-B,,,2117
400,2023-06-22 12:32:12 UTC,,,45.7911,,,27.4384,153,35050,,473,,,,ADS-B,,,2117
401,2023-06-22 12:32:40 UTC,,,45.7376,,,27.4767,154,35025,,473,,,,ADS-B,,,2117
402,2023-06-22 12:33:09 UTC,,,45.6827,,,27.5158,154,35025,,470,,,,ADS-B,,,2117
403,2023-06-22 12:33:35 UTC,,,45.6308,,,27.5525,154,35025,,470,,,,ADS-B,,,2117
404,2023-06-22 12:34:12 UTC,,,45.5601,,,27.6023,154,36550,,474,,,,ADS-B,,,2117
405,2023-06-22 12:34:37 UTC,,,45.5096,,,27.6381,153,35025,,475,,,,ADS-B,,,2117
406,2023-06-22 12:35:10 UTC,,,45.4449,,,27.6838,154,35025,,470,,,,ADS-B,,,2117
407,2023-06-22 12:35:41 UTC,,,45.3845,,,27.7263,154,35025,,470,,,,ADS-B,,,2117
408,2023-06-22 12:36:12 UTC,,,45.3241,,,27.7685,154,35025,,470,,,,ADS-B,,,2117
409,2023-06-22 12:36:37 UTC,,,45.2755,,,27.8026,154,35025,,474,,,,ADS-B,,,2117
410,2023-06-22 12:37:09 UTC,,,45.214,,,27.846,154,35025,,473,,,,ADS-B,,,2117
411,2023-06-22 12:37:45 UTC,,,45.14,,,27.8976,154,35025,,460,,60 ft/min,,ADS-B,,,2117
412,2023-06-22 12:38:13 UTC,,,45.0866,,,27.9347,154,36550,,469,,,,ADS-B,,,2117
413,2023-06-22 12:38:38 UTC,,,45.0361,,,27.9696,154,35025,,473,,,,ADS-B,,,2117
414,2023-06-22 12:39:14 UTC,,,44.9666,,,28.0177,154,36550,,474,,,,ADS-B,,,2117
415,2023-06-22 12:39:38 UTC,,,44.9241,,,28.0472,154,35025,,472,,-32 ft/min,,ADS-B,,,2117
416,2023-06-22 12:40:10 UTC,,,44.8603,,,28.091,154,35025,,466,,,,ADS-B,,,2117
417,2023-06-22 12:40:41 UTC,,,44.799,,,28.1329,154,35025,,460,,,,ADS-B,,,2117
418,2023-06-22 12:41:28 UTC,,,44.7068,,,28.1963,154,35050,,470,,,,ADS-B,,,2117
419,2023-06-22 12:41:58 UTC,,,44.6475,,,28.2371,154,36550,,470,,,,ADS-B,,,2117
420,2023-06-22 12:42:27 UTC,,,44.59,,,28.2763,154,35025,,460,,,,ADS-B,,,2117
421,2023-06-22 12:42:54 UTC,,,44.538,,,28.3114,155,35050,,460,,,,ADS-B,,,2117
422,2023-06-22 12:43:28 UTC,,,44.4732,,,28.3553,154,35050,,475,,,,ADS-B,,,2117
423,2023-06-22 12:43:52 UTC,,,44.4244,,,28.3889,154,35025,,475,,,,ADS-B,,,2117
424,2023-06-22 12:46:06 UTC,,,44.1506,,,28.4893,203,36525,,465,,,,ADS-B,,,2117
425,2023-06-22 12:46:38 UTC,,,44.1014,,,28.4318,235,35050,,430,,-120 ft/min,,ADS-B,,,2117
426,2023-06-22 12:46:58 UTC,,,44.0842,,,28.3793,253,35075,,419,,96 ft/min,,ADS-B,,,2117
427,2023-06-22 12:47:23 UTC,,,44.0836,,,28.315,281,35050,,386,,,,ADS-B,,,2117
428,2023-06-22 12:55:12 UTC,,,44.816,,,27.9696,349,35050,,368,,,,MLAT,,,2117
429,2023-06-22 12:55:30 UTC,,,44.8499,,,27.9539,342,35025,,368,,,,MLAT,,,2117
430,2023-06-22 12:56:03 UTC,,,44.9017,,,27.9374,347,35025,,372,,,,MLAT,,,2117
431,2023-06-22 12:56:45 UTC,,,44.9721,,,27.9037,350,35050,,368,,,,MLAT,,,2117
432,2023-06-22 12:57:25 UTC,,,45.0435,,,27.8696,345,35025,,366,,,,ADS-B,,,2117
433,2023-06-22 12:57:58 UTC,,,45.0973,,,27.8471,343,35050,,368,,,,ADS-B,,,2117
434,2023-06-22 12:58:35 UTC,,,45.158,,,27.8215,343,35025,,371,,,,ADS-B,,,2117
435,2023-06-22 12:59:04 UTC,,,45.2067,,,27.801,344,35025,,360,,,,ADS-B,,,2117
436,2023-06-22 12:59:33 UTC,,,45.2532,,,27.7812,343,35025,,360,,,,ADS-B,,,2117
437,2023-06-22 13:00:05 UTC,,,45.3054,,,27.7591,344,35025,,368,,,,ADS-B,,,2117
438,2023-06-22 13:00:34 UTC,,,45.3551,,,27.7381,344,35025,,369,,,,ADS-B,,,2117
439,2023-06-22 13:00:52 UTC,,,45.385,,,27.7253,343,35050,,370,,,,ADS-B,,,2117
440,2023-06-22 13:01:33 UTC,,,45.4515,,,27.6969,343,35050,,369,,,,ADS-B,,,2117
441,2023-06-22 13:02:00 UTC,,,45.4935,,,27.6792,343,35025,,360,,,,ADS-B,,,2117
442,2023-06-22 13:02:29 UTC,,,45.5413,,,27.6591,344,35025,,360,,,,ADS-B,,,2117
443,2023-06-22 13:03:01 UTC,,,45.5952,,,27.6362,343,35025,,371,,,,ADS-B,,,2117
444,2023-06-22 13:03:32 UTC,,,45.6428,,,27.6156,343,35025,,372,,,,ADS-B,,,2117
445,2023-06-22 13:04:05 UTC,,,45.6983,,,27.5916,343,35025,,370,,,,ADS-B,,,2117
446,2023-06-22 13:04:26 UTC,,,45.7341,,,27.5763,343,35050,,371,,,,ADS-B,,,2117
447,2023-06-22 13:05:04 UTC,,,45.7963,,,27.5495,343,35025,,370,,,,ADS-B,,,2117
448,2023-06-22 13:05:32 UTC,,,45.8423,,,27.5297,344,36575,,376,,,,ADS-B,,,2117
449,2023-06-22 13:06:04 UTC,,,45.8954,,,27.5066,343,35025,,376,,,,ADS-B,,,2117
450,2023-06-22 13:06:31 UTC,,,45.9424,,,27.4864,344,35025,,374,,,,ADS-B,,,2117
451,2023-06-22 13:06:57 UTC,,,45.9832,,,27.4687,344,35025,,370,,,,ADS-B,,,2117
452,2023-06-22 13:07:39 UTC,,,46.0521,,,27.4388,343,35025,,370,,-190 ft/min,,ADS-B,,,2117
453,2023-06-22 13:08:07 UTC,,,46.0995,,,27.4181,343,36550,,379,,,,ADS-B,,,2117
454,2023-06-22 13:08:38 UTC,,,46.1513,,,27.3953,343,35025,,376,,,,ADS-B,,,2117
455,2023-06-22 13:09:09 UTC,,,46.2028,,,27.3727,343,35025,,375,,,,ADS-B,,,2117
456,2023-06-22 13:09:38 UTC,,,46.2511,,,27.3517,343,35025,,375,,,,ADS-B,,,2117
457,2023-06-22 13:10:08 UTC,,,46.2995,,,27.3286,338,35025,,375,,-224 ft/min,,ADS-B,,,2117
458,2023-06-22 13:10:36 UTC,,,46.3439,,,27.2983,334,35025,,374,,,,ADS-B,,,2117
459,2023-06-22 13:11:06 UTC,,,46.3909,,,27.2657,334,35050,,370,,,,ADS-B,,,2117
460,2023-06-22 13:11:36 UTC,,,46.4342,,,27.2357,334,35025,,370,,,,ADS-B,,,2117
461,2023-06-22 13:12:08 UTC,,,46.4884,,,27.1983,336,35025,,378,,,,ADS-B,,,2117
462,2023-06-22 13:12:32 UTC,,,46.5264,,,27.1716,334,35025,,370,,,,ADS-B,,,2117
463,2023-06-22 13:13:03 UTC,,,46.5741,,,27.1384,334,35050,,378,,,,ADS-B,,,2117
464,2023-06-22 13:13:30 UTC,,,46.6175,,,27.1081,335,35050,,379,,,,ADS-B,,,2117
465,2023-06-22 13:14:05 UTC,,,46.6727,,,27.0696,334,35050,,378,,,,ADS-B,,,2117
466,2023-06-22 13:14:33 UTC,,,46.7153,,,27.0398,335,35025,,377,,,,ADS-B,,,2117
467,2023-06-22 13:15:01 UTC,,,46.7612,,,27.0083,335,35025,,380,,,,ADS-B,,,2117
468,2023-06-22 13:15:38 UTC,,,46.8206,,,26.9669,334,35050,,386,,,,ADS-B,,,2117
469,2023-06-22 13:16:06 UTC,,,46.8642,,,26.9362,334,35025,,383,,,,ADS-B,,,2117
470,2023-06-22 13:16:38 UTC,,,46.9144,,,26.9008,334,35000,,380,,120 ft/min,,ADS-B,,,2117
471,2023-06-22 13:17:10 UTC,,,46.9649,,,26.8655,334,35050,,382,,,,ADS-B,,,2117
472,2023-06-22 13:17:43 UTC,,,47.02,,,26.8267,334,35050,,385,,-32 ft/min,,ADS-B,,,2117
473,2023-06-22 13:18:11 UTC,,,47.0629,,,26.796,334,35025,,384,,60 ft/min,,ADS-B,,,2117
474,2023-06-22 13:19:17 UTC,,,47.1688,,,26.7205,334,35075,,370,,,,ADS-B,,,2117
475,2023-06-22 13:19:40 UTC,,,47.2039,,,26.6956,334,35025,,380,,120 ft/min,,ADS-B,,,2117
476,2023-06-22 13:20:16 UTC,,,47.2632,,,26.6542,335,35050,,384,,,,ADS-B,,,2117
477,2023-06-22 13:20:41 UTC,,,47.3014,,,26.6277,335,35050,,386,,256 ft/min,,ADS-B,,,2117
478,2023-06-22 13:21:12 UTC,,,47.3509,,,26.5923,334,35050,,380,,,,ADS-B,,,2117
479,2023-06-22 13:21:48 UTC,,,47.4087,,,26.5511,334,35050,,385,,,,ADS-B,,,2117
480,2023-06-22 13:22:33 UTC,,,47.4816,,,26.4988,334,35000,,387,,,,ADS-B,,,2117
481,2023-06-22 13:23:03 UTC,,,47.5267,,,26.466,334,36575,,384,,,,ADS-B,,,2117
482,2023-06-22 13:23:32 UTC,,,47.5766,,,26.4297,334,35025,,382,,,,ADS-B,,,2117
483,2023-06-22 13:23:59 UTC,,,47.6183,,,26.3995,334,35050,,385,,,,ADS-B,,,2117
484,2023-06-22 13:24:25 UTC,,,47.6602,,,26.3689,334,35025,,386,,,,ADS-B,,,2117
485,2023-06-22 13:24:54 UTC,,,47.7032,,,26.3299,314,35000,,380,,,,ADS-B,,,2117
486,2023-06-22 13:25:30 UTC,,,47.7185,,,26.2413,260,35000,,390,,,,ADS-B,,,2117
487,2023-06-22 13:26:00 UTC,,,47.6889,,,26.1722,220,35025,,423,,,,ADS-B,,,2117
488,2023-06-22 13:26:30 UTC,,,47.6341,,,26.1458,180,35000,,440,,,,ADS-B,,,2117
489,2023-06-22 13:27:48 UTC,,,47.4928,,,26.2632,145,35025,,448,,,,ADS-B,,,2117
490,2023-06-22 13:28:17 UTC,,,47.4431,,,26.3145,145,35050,,453,,,,ADS-B,,,2117
491,2023-06-22 13:28:44 UTC,,,47.3966,,,26.3628,145,35050,,450,,60 ft/min,,ADS-B,,,2117
492,2023-06-22 13:29:14 UTC,,,47.3445,,,26.4168,145,35025,,457,,,,ADS-B,,,2117
493,2023-06-22 13:29:47 UTC,,,47.2873,,,26.4746,146,35425,,450,,,,ADS-B,,,2117
494,2023-06-22 13:30:17 UTC,,,47.2365,,,26.5258,146,35900,,440,,440 ft/min,,ADS-B,,,2117
495,2023-06-22 13:30:46 UTC,,,47.1867,,,26.5761,145,35975,,449,,,,ADS-B,,,2117
496,2023-06-22 13:31:09 UTC,,,47.1474,,,26.6159,145,36025,,450,,-510 ft/min,,ADS-B,,,2117
497,2023-06-22 13:31:41 UTC,,,47.0928,,,26.6713,146,35975,,450,,-120 ft/min,,ADS-B,,,2117
498,2023-06-22 13:32:17 UTC,,,47.0281,,,26.7361,146,35975,,460,,,,ADS-B,,,2117
499,2023-06-22 13:32:47 UTC,,,46.9775,,,26.7876,145,36000,,458,,,,ADS-B,,,2117
500,2023-06-22 13:33:18 UTC,,,46.9251,,,26.8403,146,36000,,455,,,,ADS-B,,,2117
501,2023-06-22 13:33:47 UTC,,,46.8734,,,26.8919,146,36000,,455,,,,ADS-B,,,2117
502,2023-06-22 13:34:25 UTC,,,46.8052,,,26.9594,146,36000,,450,,,,ADS-B,,,2117
503,2023-06-22 13:34:59 UTC,,,46.7487,,,27.016,146,36000,,456,,,,ADS-B,,,2117
504,2023-06-22 13:35:26 UTC,,,46.7003,,,27.0631,150,36025,,450,,,,ADS-B,,,2117
505,2023-06-22 13:36:00 UTC,,,46.634,,,27.0853,177,36000,,440,,-120 ft/min,,ADS-B,,,2117
506,2023-06-22 13:36:25 UTC,,,46.5858,,,27.0652,204,37525,,434,,,,ADS-B,,,2117
507,2023-06-22 13:37:00 UTC,,,46.5404,,,26.9935,244,36025,,416,,-128 ft/min,,ADS-B,,,2117
508,2023-06-22 13:37:39 UTC,,,46.5379,,,26.8899,288,36025,,390,,,,ADS-B,,,2117
509,2023-06-22 13:38:10 UTC,,,46.5717,,,26.8246,321,36025,,380,,,,ADS-B,,,2117
510,2023-06-22 13:38:37 UTC,,,46.6153,,,26.7998,350,36000,,380,,,,ADS-B,,,2117
511,2023-06-22 13:39:08 UTC,,,46.6713,,,26.7887,349,35975,,380,,320 ft/min,,ADS-B,,,2117
512,2023-06-22 13:39:37 UTC,,,46.7202,,,26.7725,346,36000,,391,,,,ADS-B,,,2117
513,2023-06-22 13:40:09 UTC,,,46.7762,,,26.7501,344,36000,,387,,,,ADS-B,,,2117
514,2023-06-22 13:40:30 UTC,,,46.8118,,,26.735,344,36000,,385,,-60 ft/min,,ADS-B,,,2117
515,2023-06-22 13:41:04 UTC,,,46.8696,,,26.7099,344,36000,,381,,,,ADS-B,,,2117
516,2023-06-22 13:41:41 UTC,,,46.9325,,,26.6829,344,36025,,382,,120 ft/min,,ADS-B,,,2117
517,2023-06-22 13:42:04 UTC,,,46.971,,,26.6662,343,36000,,383,,,,ADS-B,,,2117
518,2023-06-22 13:42:37 UTC,,,47.0265,,,26.6421,344,36000,,384,,,,ADS-B,,,2117
519,2023-06-22 13:43:01 UTC,,,47.068,,,26.6246,344,36000,,385,,,,ADS-B,,,2117
520,2023-06-22 13:43:39 UTC,,,47.134,,,26.5968,344,36025,,393,,-480 ft/min,,ADS-B,,,2117
521,2023-06-22 13:44:09 UTC,,,47.1877,,,26.5726,343,36025,,394,,,,ADS-B,,,2117
522,2023-06-22 13:44:40 UTC,,,47.2402,,,26.5493,343,36000,,390,,,,ADS-B,,,2117
523,2023-06-22 13:45:10 UTC,,,47.2907,,,26.5269,343,36000,,380,,,,ADS-B,,,2117
524,2023-06-22 13:45:37 UTC,,,47.3373,,,26.5066,344,37575,,389,,,,ADS-B,,,2117
525,2023-06-22 13:46:09 UTC,,,47.3925,,,26.4825,344,36000,,380,,,,ADS-B,,,2117
526,2023-06-22 13:46:39 UTC,,,47.4446,,,26.459,344,36000,,380,,190 ft/min,,ADS-B,,,2117
527,2023-06-22 13:47:05 UTC,,,47.485,,,26.4409,343,36000,,384,,,,ADS-B,,,2117
528,2023-06-22 13:47:36 UTC,,,47.536,,,26.4039,317,35975,,381,,,,ADS-B,,,2117
529,2023-06-22 13:48:12 UTC,,,47.5568,,,26.3164,274,37550,,397,,,,ADS-B,,,2117
530,2023-06-22 13:48:42 UTC,,,47.5349,,,26.247,234,35975,,420,,,,ADS-B,,,2117
531,2023-06-22 13:49:15 UTC,,,47.4709,,,26.2081,183,35950,,440,,-190 ft/min,,ADS-B,,,2117
532,2023-06-22 13:49:46 UTC,,,47.4119,,,26.2364,148,35975,,455,,192 ft/min,,ADS-B,,,2117
533,2023-06-22 13:50:12 UTC,,,47.3692,,,26.2835,142,36025,,450,,,,ADS-B,,,2117
534,2023-06-22 13:50:44 UTC,,,47.3168,,,26.3458,140,36025,,459,,,,ADS-B,,,
535,2023-06-22 13:51:11 UTC,,,47.269,,,26.4033,141,36000,,458,,,,ADS-B,,,2117
536,2023-06-22 13:51:45 UTC,,,47.2169,,,26.4654,141,36000,,450,,120 ft/min,,ADS-B,,,2117
537,2023-06-22 13:52:12 UTC,,,47.1698,,,26.5202,142,36025,,450,,60 ft/min,,ADS-B,,,2117
538,2023-06-22 13:52:49 UTC,,,47.1114,,,26.5891,142,36000,,456,,,,ADS-B,,,2117
539,2023-06-22 13:53:03 UTC,,,47.0889,,,26.6158,141,36000,,452,,,,ADS-B,,,2117
540,2023-06-22 13:53:49 UTC,,,47.0148,,,26.7028,142,37525,,440,,-60 ft/min,,ADS-B,,,2117
541,2023-06-22 13:54:29 UTC,,,46.9489,,,26.7786,142,36000,,452,,-128 ft/min,,ADS-B,,,2117
542,2023-06-22 13:55:07 UTC,,,46.8868,,,26.8511,141,36000,,456,,,,ADS-B,,,2117
543,2023-06-22 13:55:36 UTC,,,46.8396,,,26.9063,141,36025,,456,,,,ADS-B,,,2117
544,2023-06-22 13:56:15 UTC,,,46.7749,,,26.9813,141,36000,,454,,,,ADS-B,,,2117
545,2023-06-22 13:56:48 UTC,,,46.7206,,,27.0439,142,36000,,456,,,,ADS-B,,,2117
546,2023-06-22 13:57:17 UTC,,,46.6698,,,27.0868,161,36050,,450,,,,ADS-B,,,2117
547,2023-06-22 13:57:40 UTC,,,46.6224,,,27.0952,182,36025,,446,,,,ADS-B,,,2117
548,2023-06-22 13:58:21 UTC,,,46.5465,,,27.0451,224,36025,,420,,-60 ft/min,,ADS-B,,,2117
549,2023-06-22 13:58:46 UTC,,,46.5221,,,26.9846,253,36025,,408,,-160 ft/min,,ADS-B,,,2117
550,2023-06-22 13:59:21 UTC,,,46.5245,,,26.8969,285,36025,,390,,,,ADS-B,,,2117
551,2023-06-22 13:59:47 UTC,,,46.5527,,,26.8415,315,36025,,380,,,,ADS-B,,,2117
552,2023-06-22 14:00:14 UTC,,,46.5944,,,26.8143,347,36025,,380,,,,ADS-B,,,2117
553,2023-06-22 14:00:51 UTC,,,46.6604,,,26.7987,348,35975,,370,,190 ft/min,,ADS-B,,,2117
554,2023-06-22 14:01:22 UTC,,,46.7118,,,26.7804,346,36025,,380,,,,ADS-B,,,2117
555,2023-06-22 14:01:50 UTC,,,46.7615,,,26.76,344,36000,,380,,,,ADS-B,,,2117
556,2023-06-22 14:02:28 UTC,,,46.8249,,,26.7327,344,36025,,379,,,,ADS-B,,,2117
557,2023-06-22 14:02:54 UTC,,,46.8688,,,26.7139,344,37550,,381,,,,ADS-B,,,2117
558,2023-06-22 14:03:56 UTC,,,46.9757,,,26.6681,343,36025,,390,,,,ADS-B,,,2117
559,2023-06-22 14:04:28 UTC,,,47.03,,,26.644,343,36025,,387,,,,ADS-B,,,2117
560,2023-06-22 14:05:09 UTC,,,47.0979,,,26.614,343,36000,,383,,,,ADS-B,,,2117
561,2023-06-22 14:05:36 UTC,,,47.1466,,,26.5928,343,36000,,380,,,,ADS-B,,,2117
562,2023-06-22 14:06:14 UTC,,,47.2109,,,26.5638,343,36000,,382,,,,ADS-B,,,2117
563,2023-06-22 14:06:44 UTC,,,47.2556,,,26.5438,343,36000,,370,,120 ft/min,,ADS-B,,,2117
564,2023-06-22 14:07:12 UTC,,,47.308,,,26.5208,344,36000,,381,,,,ADS-B,,,2117
565,2023-06-22 14:07:54 UTC,,,47.3796,,,26.4892,343,36000,,382,,,,ADS-B,,,2117
566,2023-06-22 14:08:43 UTC,,,47.4596,,,26.453,343,36000,,382,,,,ADS-B,,,2117
567,2023-06-22 14:09:09 UTC,,,47.505,,,26.4325,343,36000,,381,,,,ADS-B,,,2117
568,2023-06-22 14:09:32 UTC,,,47.544,,,26.415,343,36000,,379,,,,ADS-B,,,2117
569,2023-06-22 14:10:12 UTC,,,47.6088,,,26.3823,329,35975,,370,,,,ADS-B,,,2117
570,2023-06-22 14:10:41 UTC,,,47.6375,,,26.3225,295,35975,,381,,,,ADS-B,,,2117
571,2023-06-22 14:11:24 UTC,,,47.6219,,,26.2098,246,36025,,400,,,,ADS-B,,,
572,2023-06-22 14:11:55 UTC,,,47.5977,,,26.133,245,36050,,410,,,,ADS-B,,,2117
573,2023-06-22 14:12:25 UTC,,,47.5707,,,26.0529,243,35925,,434,,,,ADS-B,,,2117
574,2023-06-22 14:12:53 UTC,,,47.535,,,25.9854,230,36400,,441,,,,ADS-B,,,2117
575,2023-06-22 14:14:01 UTC,,,47.4465,,,25.8271,231,37100,,440,,,,ADS-B,,,2117
576,2023-06-22 14:14:46 UTC,,,47.3875,,,25.7191,231,36975,,448,,64 ft/min,,ADS-B,,,2117
577,2023-06-22 14:15:10 UTC,,,47.3579,,,25.6646,231,36975,,443,,,,ADS-B,,,2117
578,2023-06-22 14:15:43 UTC,,,47.316,,,25.5857,232,37000,,448,,-32 ft/min,,ADS-B,,,2117
579,2023-06-22 14:16:19 UTC,,,47.2684,,,25.4978,231,37350,,440,,1470 ft/min,,ADS-B,,,2117
580,2023-06-22 14:16:52 UTC,,,47.226,,,25.4191,232,37850,,440,,320 ft/min,,ADS-B,,,2117
581,2023-06-22 14:17:31 UTC,,,47.1764,,,25.3253,232,38025,,450,,,,ADS-B,,,2117
582,2023-06-22 14:17:55 UTC,,,47.1451,,,25.2665,232,38000,,448,,32 ft/min,,ADS-B,,,2117
583,2023-06-22 14:18:31 UTC,,,47.1011,,,25.1832,232,38000,,430,,,,ADS-B,,,2117
584,2023-06-22 14:18:48 UTC,,,47.0806,,,25.1438,233,38000,,439,,,,ADS-B,,,2117
585,2023-06-22 14:19:31 UTC,,,47.0264,,,25.0404,232,38000,,440,,,,ADS-B,,,2117
586,2023-06-22 14:20:01 UTC,,,46.9894,,,24.9696,233,38025,,440,,120 ft/min,,ADS-B,,,2117
587,2023-06-22 14:20:41 UTC,,,46.9423,,,24.8795,232,38000,,450,,,,ADS-B,,,2117
588,2023-06-22 14:21:10 UTC,,,46.9102,,,24.7961,252,38050,,430,,190 ft/min,,ADS-B,,,2117
589,2023-06-22 14:21:41 UTC,,,46.9107,,,24.7098,281,38025,,423,,,,ADS-B,,,2117
590,2023-06-22 14:22:10 UTC,,,46.9379,,,24.6381,306,38025,,410,,,,ADS-B,,,2117
591,2023-06-22 14:22:37 UTC,,,46.9673,,,24.5754,304,38025,,410,,,,ADS-B,,,2117
592,2023-06-22 14:23:17 UTC,,,47.0077,,,24.4789,301,38025,,418,,,,ADS-B,,,2117
593,2023-06-22 14:23:39 UTC,,,47.0291,,,24.4259,301,38000,,417,,,,ADS-B,,,2117
594,2023-06-22 14:24:13 UTC,,,47.0617,,,24.3447,300,38025,,415,,,,ADS-B,,,2117
595,2023-06-22 14:24:47 UTC,,,47.0949,,,24.2619,300,38000,,416,,-320 ft/min,,ADS-B,,,2117
596,2023-06-22 14:25:21 UTC,,,47.1293,,,24.176,300,38000,,421,,,,ADS-B,,,2117
597,2023-06-22 14:25:47 UTC,,,47.1536,,,24.1142,300,37975,,420,,,,ADS-B,,,2117
598,2023-06-22 14:26:14 UTC,,,47.18,,,24.0467,300,38000,,430,,,,ADS-B,,,2117
599,2023-06-22 14:26:52 UTC,,,47.2189,,,23.9467,299,38000,,432,,,,ADS-B,,,2117
600,2023-06-22 14:27:24 UTC,,,47.2486,,,23.8696,299,38025,,430,,,,ADS-B,,,2117
601,2023-06-22 14:27:54 UTC,,,47.2793,,,23.7905,300,38000,,430,,,,ADS-B,,,2117
602,2023-06-22 14:28:25 UTC,,,47.3079,,,23.7168,300,38025,,420,,,,ADS-B,,,2117
603,2023-06-22 14:28:55 UTC,,,47.3381,,,23.639,300,38025,,420,,,,ADS-B,,,2117
604,2023-06-22 14:29:23 UTC,,,47.365,,,23.5698,300,38000,,420,,,,ADS-B,,,2117
605,2023-06-22 14:30:05 UTC,,,47.4081,,,23.4581,300,38000,,425,,,,ADS-B,,,2117
606,2023-06-22 14:30:32 UTC,,,47.4316,,,23.3967,299,38000,,420,,,,ADS-B,,,2117
607,2023-06-22 14:31:07 UTC,,,47.4685,,,23.301,299,38000,,420,,,,ADS-B,,,2117
608,2023-06-22 14:31:40 UTC,,,47.5002,,,23.218,299,38025,,427,,,,ADS-B,,,2117
609,2023-06-22 14:32:07 UTC,,,47.5229,,,23.1577,299,38000,,420,,-60 ft/min,,ADS-B,,,2117
610,2023-06-22 14:32:39 UTC,,,47.5553,,,23.0717,299,37975,,421,,,,ADS-B,,,2117
611,2023-06-22 14:33:00 UTC,,,47.5748,,,23.0205,299,38000,,422,,,,ADS-B,,,2117
612,2023-06-22 14:33:38 UTC,,,47.612,,,22.9227,299,38000,,427,,,,ADS-B,,,2117
613,2023-06-22 14:34:07 UTC,,,47.6403,,,22.8467,299,38000,,427,,,,ADS-B,,,2117
614,2023-06-22 14:34:37 UTC,,,47.6693,,,22.769,299,39725,,420,,,,ADS-B,,,2117
615,2023-06-22 14:35:09 UTC,,,47.6983,,,22.6921,299,38000,,422,,,,ADS-B,,,2117
616,2023-06-22 14:35:40 UTC,,,47.7268,,,22.6164,299,38000,,420,,,,ADS-B,,,2117
617,2023-06-22 14:36:10 UTC,,,47.7573,,,22.5342,298,38000,,420,,,,ADS-B,,,2117
618,2023-06-22 14:36:59 UTC,,,47.8017,,,22.4094,299,38000,,420,,,,ADS-B,,,2117
619,2023-06-22 14:37:24 UTC,,,47.824,,,22.3471,298,38000,,420,,,,ADS-B,,,2117
620,2023-06-22 14:37:49 UTC,,,47.8468,,,22.2833,298,38000,,424,,,,ADS-B,,,2117
621,2023-06-22 14:38:18 UTC,,,47.8739,,,22.2063,298,38000,,420,,,,ADS-B,,,2117
622,2023-06-22 14:38:56 UTC,,,47.9075,,,22.1104,298,38000,,420,,440 ft/min,,ADS-B,,,2117
623,2023-06-22 14:40:55 UTC,,,48.1026,,,21.9334,334,38000,,420,,,,ADS-B,,,2117
624,2023-06-22 14:41:21 UTC,,,48.1493,,,21.8991,334,37975,,425,,,,ADS-B,,,2117
625,2023-06-22 14:41:51 UTC,,,48.2018,,,21.8608,334,38000,,424,,,,ADS-B,,,2117
626,2023-06-22 14:42:23 UTC,,,48.258,,,21.8198,334,38025,,425,,,,ADS-B,,,2117
627,2023-06-22 14:42:59 UTC,,,48.3219,,,21.7727,334,38025,,426,,,,ADS-B,,,2117
628,2023-06-22 14:43:31 UTC,,,48.378,,,21.7311,334,38000,,426,,,,ADS-B,,,2117
629,2023-06-22 14:44:00 UTC,,,48.4273,,,21.6947,334,37975,,429,,,,ADS-B,,,2117
630,2023-06-22 14:44:31 UTC,,,48.4852,,,21.652,334,38025,,428,,,,ADS-B,,,2117
631,2023-06-22 14:44:56 UTC,,,48.5291,,,21.6191,334,37975,,432,,,,ADS-B,,,2117
632,2023-06-22 14:45:32 UTC,,,48.5958,,,21.569,334,37975,,430,,,,ADS-B,,,2117
633,2023-06-22 14:46:03 UTC,,,48.6496,,,21.529,334,38025,,430,,,,ADS-B,,,2117
634,2023-06-22 14:46:27 UTC,,,48.6928,,,21.4964,333,37975,,430,,,,ADS-B,,,2117
635,2023-06-22 14:47:00 UTC,,,48.7516,,,21.4519,333,37975,,430,,,,ADS-B,,,2117
636,2023-06-22 14:47:27 UTC,,,48.7992,,,21.4161,334,38000,,430,,,,ADS-B,,,2117
637,2023-06-22 14:48:32 UTC,,,48.9162,,,21.3283,334,38025,,430,,,,ADS-B,,,2117
638,2023-06-22 14:49:15 UTC,,,48.9913,,,21.2709,334,38000,,434,,,,ADS-B,,,2117
639,2023-06-22 14:49:40 UTC,,,49.0352,,,21.2372,334,38000,,428,,,,ADS-B,,,2117
640,2023-06-22 14:50:10 UTC,,,49.0909,,,21.1952,334,38000,,420,,,,ADS-B,,,2117
641,2023-06-22 14:51:12 UTC,,,49.1986,,,21.1124,333,38000,,430,,,,ADS-B,,,2117
642,2023-06-22 14:51:43 UTC,,,49.2554,,,21.0687,333,38000,,430,,,,ADS-B,,,
643,2023-06-22 14:52:14 UTC,,,49.3103,,,21.0265,333,38025,,434,,,,ADS-B,,,
644,2023-06-22 14:52:39 UTC,,,49.3526,,,20.984,322,37975,,430,,,,ADS-B,,,6307
645,2023-06-22 14:53:12 UTC,,,49.4006,,,20.9169,318,38000,,430,,190 ft/min,,ADS-B,,,6307
646,2023-06-22 14:53:45 UTC,,,49.4478,,,20.8498,317,38000,,434,,,,ADS-B,,,6307
647,2023-06-22 14:54:16 UTC,,,49.4944,,,20.7834,317,38000,,430,,,,ADS-B,,,6307
648,2023-06-22 14:54:42 UTC,,,49.5328,,,20.7282,317,38025,,430,,60 ft/min,,ADS-B,,,6307
649,2023-06-22 14:55:13 UTC,,,49.5783,,,20.6627,316,38000,,431,,,,ADS-B,,,6307
650,2023-06-22 14:55:43 UTC,,,49.6098,,,20.5855,298,38000,,429,,,,ADS-B,,,6307
651,2023-06-22 14:56:13 UTC,,,49.6372,,,20.5049,298,38025,,430,,,,ADS-B,,,6307
652,2023-06-22 14:56:47 UTC,,,49.6698,,,20.4102,298,38000,,430,,,,ADS-B,,,6307
653,2023-06-22 14:57:39 UTC,,,49.7169,,,20.2747,299,37975,,429,,,,ADS-B,,,6307
654,2023-06-22 14:58:09 UTC,,,49.746,,,20.1921,299,38000,,420,,,,ADS-B,,,6307
655,2023-06-22 14:58:53 UTC,,,49.7879,,,20.0737,299,38000,,430,,,,ADS-B,,,6307
656,2023-06-22 14:59:24 UTC,,,49.8172,,,19.9891,298,38000,,433,,,,ADS-B,,,6307
657,2023-06-22 14:59:53 UTC,,,49.8437,,,19.9121,298,38000,,430,,,,ADS-B,,,6307
658,2023-06-22 15:00:23 UTC,,,49.8721,,,19.8305,299,38000,,430,,,,ADS-B,,,6307
659,2023-06-22 15:00:53 UTC,,,49.9001,,,19.7496,299,38000,,420,,,,ADS-B,,,6307
660,2023-06-22 15:01:25 UTC,,,49.9304,,,19.6619,299,38000,,430,,,,ADS-B,,,6307
661,2023-06-22 15:01:52 UTC,,,49.9565,,,19.5865,298,38025,,430,,,,ADS-B,,,6307
662,2023-06-22 15:02:21 UTC,,,49.9835,,,19.5072,298,38000,,430,,,,ADS-B,,,6307
663,2023-06-22 15:02:54 UTC,,,50.0134,,,19.4199,298,38000,,420,,120 ft/min,,ADS-B,,,6307
664,2023-06-22 15:03:23 UTC,,,50.0395,,,19.3431,298,38000,,420,,,,ADS-B,,,6307
665,2023-06-22 15:03:51 UTC,,,50.0658,,,19.2663,298,38025,,424,,,,ADS-B,,,6307
666,2023-06-22 15:04:26 UTC,,,50.0979,,,19.1708,297,38025,,420,,120 ft/min,,ADS-B,,,6307
667,2023-06-22 15:04:55 UTC,,,50.1232,,,19.0958,298,38000,,424,,,,ADS-B,,,
668,2023-06-22 15:05:27 UTC,,,50.1537,,,19.006,298,37975,,426,,,,ADS-B,,,6307
669,2023-06-22 15:05:56 UTC,,,50.1798,,,18.9285,297,38000,,429,,,,ADS-B,,,6307
670,2023-06-22 15:06:25 UTC,,,50.2078,,,18.8448,297,38025,,433,,,,ADS-B,,,6307
671,2023-06-22 15:06:57 UTC,,,50.2365,,,18.7579,297,38000,,433,,,,ADS-B,,,6307
672,2023-06-22 15:07:27 UTC,,,50.263,,,18.6771,297,38025,,430,,-250 ft/min,,ADS-B,,,6307
673,2023-06-22 15:07:53 UTC,,,50.2863,,,18.6059,297,38000,,432,,,,ADS-B,,,6307
674,2023-06-22 15:08:27 UTC,,,50.3186,,,18.5088,298,39675,,434,,,,ADS-B,,,6307
675,2023-06-22 15:08:57 UTC,,,50.3459,,,18.4263,298,38025,,434,,,,ADS-B,,,6307
676,2023-06-22 15:10:03 UTC,,,50.4053,,,18.2432,297,38000,,430,,190 ft/min,,ADS-B,,,6307
677,2023-06-22 15:10:40 UTC,,,50.4398,,,18.1377,297,37975,,434,,,,ADS-B,,,6307
678,2023-06-22 15:11:13 UTC,,,50.4701,,,18.045,297,38025,,436,,,,ADS-B,,,6307
679,2023-06-22 15:11:40 UTC,,,50.4945,,,17.9688,297,38000,,435,,,,ADS-B,,,6307
680,2023-06-22 15:12:13 UTC,,,50.5242,,,17.8754,297,38000,,437,,,,ADS-B,,,6307
681,2023-06-22 15:12:41 UTC,,,50.549,,,17.7983,296,37975,,430,,,,ADS-B,,,6307
682,2023-06-22 15:13:13 UTC,,,50.5781,,,17.7076,297,38000,,437,,,,ADS-B,,,6307
683,2023-06-22 15:14:38 UTC,,,50.654,,,17.4673,296,38000,,433,,,,ADS-B,,,6307
684,2023-06-22 15:15:08 UTC,,,50.68,,,17.3842,297,37975,,434,,,,ADS-B,,,6307
685,2023-06-22 15:15:42 UTC,,,50.7118,,,17.2827,296,38000,,433,,,,ADS-B,,,6307
686,2023-06-22 15:16:42 UTC,,,50.7647,,,17.1132,296,38000,,435,,,,ADS-B,,,6307
687,2023-06-22 15:17:10 UTC,,,50.7894,,,17.0325,296,38000,,430,,,,ADS-B,,,6307
688,2023-06-22 15:17:43 UTC,,,50.8188,,,16.9387,297,38000,,434,,,,ADS-B,,,6307
689,2023-06-22 15:18:10 UTC,,,50.8418,,,16.8642,295,38025,,436,,,,ADS-B,,,6307
690,2023-06-22 15:18:43 UTC,,,50.8717,,,16.7657,296,38025,,438,,,,ADS-B,,,6307
691,2023-06-22 15:19:13 UTC,,,50.8977,,,16.6805,296,37975,,436,,,,ADS-B,,,6307
692,2023-06-22 15:19:46 UTC,,,50.9259,,,16.5883,296,37975,,435,,,,ADS-B,,,6307
693,2023-06-22 15:20:17 UTC,,,50.9538,,,16.4977,296,38025,,430,,,,ADS-B,,,6307
694,2023-06-22 15:20:47 UTC,,,50.9798,,,16.4119,296,38025,,437,,,,ADS-B,,,6307
695,2023-06-22 15:21:15 UTC,,,51.0044,,,16.33,296,37975,,442,,,,ADS-B,,,6307
696,2023-06-22 15:21:46 UTC,,,51.0298,,,16.2447,296,38025,,436,,,,ADS-B,,,6307
697,2023-06-22 15:22:39 UTC,,,51.0769,,,16.0876,295,38000,,436,,,,ADS-B,,,6307
698,2023-06-22 15:23:08 UTC,,,51.1019,,,16.0041,295,38025,,436,,,,ADS-B,,,6307
699,2023-06-22 15:23:45 UTC,,,51.1338,,,15.8959,295,38025,,440,,,,ADS-B,,,6307
700,2023-06-22 15:24:16 UTC,,,51.1601,,,15.806,295,38000,,430,,-320 ft/min,,ADS-B,,,6307
701,2023-06-22 15:24:47 UTC,,,51.1865,,,15.7156,295,37975,,437,,,,ADS-B,,,6307
702,2023-06-22 15:25:19 UTC,,,51.2136,,,15.6236,295,37975,,436,,,,ADS-B,,,6307
703,2023-06-22 15:25:48 UTC,,,51.2398,,,15.5345,296,38025,,438,,,,ADS-B,,,6307
704,2023-06-22 15:26:18 UTC,,,51.2638,,,15.4521,295,37975,,440,,,,ADS-B,,,6307
705,2023-06-22 15:26:47 UTC,,,51.2895,,,15.3631,294,37975,,440,,,,ADS-B,,,6307
706,2023-06-22 15:27:16 UTC,,,51.3144,,,15.2758,294,37975,,440,,,,ADS-B,,,6307
707,2023-06-22 15:27:50 UTC,,,51.3424,,,15.1781,295,38000,,438,,,,ADS-B,,,6307
708,2023-06-22 15:28:20 UTC,,,51.3677,,,15.0898,296,39575,,436,,,,ADS-B,,,6307
709,2023-06-22 15:28:53 UTC,,,51.3942,,,14.9985,295,38025,,430,,,,ADS-B,,,6307
710,2023-06-22 15:29:21 UTC,,,51.4137,,,14.9094,284,37975,,439,,,,ADS-B,,,
711,2023-06-22 15:29:51 UTC,,,51.4283,,,14.8113,283,38025,,435,,,,ADS-B,,,
712,2023-06-22 15:30:20 UTC,,,51.4407,,,14.7264,283,38025,,435,,,,ADS-B,,,
713,2023-06-22 15:30:52 UTC,,,51.456,,,14.6249,284,38025,,436,,,,ADS-B,,,3103
714,2023-06-22 15:31:23 UTC,,,51.4707,,,14.5282,284,37975,,440,,,,ADS-B,,,3103
715,2023-06-22 15:31:52 UTC,,,51.4845,,,14.4335,283,38025,,441,,,,ADS-B,,,3103
716,2023-06-22 15:32:23 UTC,,,51.4987,,,14.3365,283,38025,,430,,-60 ft/min,,ADS-B,,,
717,2023-06-22 15:32:52 UTC,,,51.5263,,,14.2508,307,38000,,440,,-190 ft/min,,ADS-B,,,3103
718,2023-06-22 15:33:22 UTC,,,51.5643,,,14.1701,308,38000,,447,,,,ADS-B,,,3103
719,2023-06-22 15:33:51 UTC,,,51.5993,,,14.0945,305,37975,,450,,,,ADS-B,,,3103
720,2023-06-22 15:34:52 UTC,,,51.6472,,,13.91,292,38000,,441,,,,ADS-B,,,
721,2023-06-22 15:35:26 UTC,,,51.6727,,,13.8052,292,37975,,440,,-60 ft/min,,ADS-B,,,3103
722,2023-06-22 15:35:55 UTC,,,51.6944,,,13.7171,292,38000,,442,,,,ADS-B,,,3103
723,2023-06-22 15:36:29 UTC,,,51.7188,,,13.6172,292,38000,,440,,,,ADS-B,,,3103
724,2023-06-22 15:37:02 UTC,,,51.7441,,,13.5146,292,38025,,440,,128 ft/min,,ADS-B,,,3103
725,2023-06-22 15:37:41 UTC,,,51.7729,,,13.3966,291,38000,,437,,,,ADS-B,,,3103
726,2023-06-22 15:38:09 UTC,,,51.794,,,13.3108,292,38000,,440,,,,ADS-B,,,3103
727,2023-06-22 15:38:43 UTC,,,51.8175,,,13.2144,291,38000,,442,,,,ADS-B,,,3103
728,2023-06-22 15:39:14 UTC,,,51.8412,,,13.1161,291,37975,,442,,,,ADS-B,,,3103
729,2023-06-22 15:39:42 UTC,,,51.8639,,,13.0236,292,37975,,442,,,,ADS-B,,,3103
730,2023-06-22 15:40:20 UTC,,,51.8929,,,12.9079,292,38000,,440,,,,ADS-B,,,3103
731,2023-06-22 15:40:57 UTC,,,51.9207,,,12.7958,292,38000,,442,,,,ADS-B,,,3103
732,2023-06-22 15:41:28 UTC,,,51.9442,,,12.7011,292,37975,,442,,,,ADS-B,,,3103
733,2023-06-22 15:42:04 UTC,,,51.9795,,,12.599,308,38000,,440,,,,ADS-B,,,3103
734,2023-06-22 15:42:51 UTC,,,52.0391,,,12.4729,308,37975,,448,,,,ADS-B,,,3103
735,2023-06-22 15:43:23 UTC,,,52.0779,,,12.3913,308,38025,,445,,,,ADS-B,,,3103
736,2023-06-22 15:43:55 UTC,,,52.1192,,,12.3057,308,38000,,442,,,,ADS-B,,,3103
737,2023-06-22 15:44:26 UTC,,,52.1583,,,12.2254,309,39500,,435,,,,ADS-B,,,3103
738,2023-06-22 15:44:55 UTC,,,52.1933,,,12.1542,308,37975,,430,,-250 ft/min,,ADS-B,,,3103
739,2023-06-22 15:46:17 UTC,,,52.2978,,,11.9412,309,38025,,441,,,,ADS-B,,,3103
740,2023-06-22 15:46:46 UTC,,,52.3343,,,11.8644,308,38025,,437,,-120 ft/min,,ADS-B,,,3103
741,2023-06-22 15:47:42 UTC,,,52.4038,,,11.7192,308,37975,,435,,,,ADS-B,,,3103
742,2023-06-22 15:48:27 UTC,,,52.4591,,,11.606,309,38000,,436,,,,ADS-B,,,3103
743,2023-06-22 15:48:56 UTC,,,52.496,,,11.5317,309,38025,,430,,,,ADS-B,,,3103
744,2023-06-22 15:49:25 UTC,,,52.5328,,,11.4571,309,38025,,438,,,,ADS-B,,,3103
745,2023-06-22 15:49:55 UTC,,,52.5721,,,11.3783,310,38025,,440,,,,ADS-B,,,3103
746,2023-06-22 15:50:29 UTC,,,52.6165,,,11.2903,310,38000,,444,,,,ADS-B,,,3103
747,2023-06-22 15:51:01 UTC,,,52.6561,,,11.2132,310,38000,,446,,,,ADS-B,,,3103
748,2023-06-22 15:51:32 UTC,,,52.6984,,,11.1305,310,37975,,445,,,,ADS-B,,,3103
749,2023-06-22 15:51:57 UTC,,,52.7302,,,11.0629,299,37950,,434,,,,ADS-B,,,3103
750,2023-06-22 15:52:32 UTC,,,52.7383,,,10.9567,264,39425,,400,,,,ADS-B,,,3103
751,2023-06-22 15:52:59 UTC,,,52.7318,,,10.8733,263,38025,,410,,,,ADS-B,,,3103
752,2023-06-22 15:53:31 UTC,,,52.7241,,,10.7704,263,38000,,410,,,,ADS-B,,,3103
753,2023-06-22 15:54:00 UTC,,,52.7173,,,10.6796,263,38000,,420,,,,ADS-B,,,3103
754,2023-06-22 15:54:43 UTC,,,52.7074,,,10.5451,264,38000,,419,,,,ADS-B,,,3103
755,2023-06-22 15:55:15 UTC,,,52.7002,,,10.4403,264,38000,,420,,,,ADS-B,,,3103
756,2023-06-22 15:55:44 UTC,,,52.6939,,,10.3487,263,38000,,420,,,,ADS-B,,,
757,2023-06-22 15:56:15 UTC,,,52.6869,,,10.2507,263,38000,,419,,,,ADS-B,,,3103
758,2023-06-22 15:56:48 UTC,,,52.6796,,,10.1511,264,38000,,410,,190 ft/min,,ADS-B,,,3103
759,2023-06-22 15:57:18 UTC,,,52.6728,,,10.0577,263,37975,,413,,,,ADS-B,,,3103
760,2023-06-22 15:57:49 UTC,,,52.6658,,,9.9583,263,37975,,414,,,,ADS-B,,,3103
761,2023-06-22 15:58:23 UTC,,,52.6584,,,9.8514,263,38000,,410,,,,ADS-B,,,3103
762,2023-06-22 15:58:50 UTC,,,52.6522,,,9.7662,263,38000,,420,,,,ADS-B,,,3103
763,2023-06-22 15:59:54 UTC,,,52.6369,,,9.5657,262,39450,,420,,-128 ft/min,,ADS-B,,,3103
764,2023-06-22 16:00:23 UTC,,,52.6292,,,9.4721,263,38025,,410,,,,ADS-B,,,3103
765,2023-06-22 16:00:56 UTC,,,52.6208,,,9.3713,261,38025,,400,,,,ADS-B,,,3103
766,2023-06-22 16:01:29 UTC,,,52.6129,,,9.2696,263,37975,,407,,,,ADS-B,,,3103
767,2023-06-22 16:01:58 UTC,,,52.6068,,,9.1848,263,37975,,410,,,,ADS-B,,,3103
768,2023-06-22 16:02:34 UTC,,,52.5977,,,9.0689,262,38000,,415,,,,ADS-B,,,3103
769,2023-06-22 16:03:07 UTC,,,52.5894,,,8.967,262,38000,,418,,,,ADS-B,,,3103
770,2023-06-22 16:03:37 UTC,,,52.5812,,,8.8716,262,38000,,420,,-120 ft/min,,ADS-B,,,
771,2023-06-22 16:04:06 UTC,,,52.5735,,,8.7796,263,38000,,421,,-250 ft/min,,ADS-B,,,3103
772,2023-06-22 16:04:36 UTC,,,52.5656,,,8.6872,261,38025,,420,,,,ADS-B,,,
773,2023-06-22 16:05:06 UTC,,,52.5569,,,8.5898,261,38000,,420,,-60 ft/min,,ADS-B,,,3103
774,2023-06-22 16:05:46 UTC,,,52.5454,,,8.4608,262,38025,,421,,,,ADS-B,,,3103
775,2023-06-22 16:06:22 UTC,,,52.5357,,,8.3491,262,38000,,415,,,,ADS-B,,,3103
776,2023-06-22 16:06:50 UTC,,,52.5282,,,8.2618,261,38000,,414,,,,ADS-B,,,3103
777,2023-06-22 16:07:20 UTC,,,52.5203,,,8.1667,262,38025,,421,,-120 ft/min,,ADS-B,,,3103
778,2023-06-22 16:07:57 UTC,,,52.5096,,,8.0504,261,38000,,410,,,,ADS-B,,,3103
779,2023-06-22 16:08:26 UTC,,,52.5014,,,7.9623,262,37975,,410,,,,ADS-B,,,3103
780,2023-06-22 16:08:57 UTC,,,52.4924,,,7.8617,262,38000,,417,,,,ADS-B,,,3103
781,2023-06-22 16:09:27 UTC,,,52.4837,,,7.7673,261,39425,,410,,,,ADS-B,,,3103
782,2023-06-22 16:10:14 UTC,,,52.47,,,7.6227,261,38000,,418,,,,ADS-B,,,3103
783,2023-06-22 16:10:42 UTC,,,52.4616,,,7.5315,262,38000,,420,,,,ADS-B,,,3103
784,2023-06-22 16:11:15 UTC,,,52.4517,,,7.4278,260,38000,,425,,,,ADS-B,,,3103
785,2023-06-22 16:11:48 UTC,,,52.4418,,,7.3262,261,38000,,420,,,,ADS-B,,,3103
786,2023-06-22 16:12:17 UTC,,,52.4326,,,7.2335,261,38000,,422,,,,ADS-B,,,3103
787,2023-06-22 16:12:49 UTC,,,52.4228,,,7.1344,261,38000,,420,,250 ft/min,,ADS-B,,,3103
788,2023-06-22 16:13:18 UTC,,,52.4136,,,7.0375,261,38000,,424,,64 ft/min,,ADS-B,,,3103
789,2023-06-22 16:14:15 UTC,,,52.3955,,,6.8588,261,38000,,417,,,,ADS-B,,,3103
790,2023-06-22 16:14:47 UTC,,,52.3864,,,6.7686,260,39350,,410,,,,ADS-B,,,3103
791,2023-06-22 16:15:15 UTC,,,52.377,,,6.6736,260,37975,,414,,,,ADS-B,,,3103
792,2023-06-22 16:15:48 UTC,,,52.3667,,,6.5731,260,38000,,29,,,,ADS-B,,,3103
793,2023-06-22 16:16:16 UTC,,,52.3571,,,6.4838,260,38025,,420,,120 ft/min,,ADS-B,,,3103
794,2023-06-22 16:16:47 UTC,,,52.3471,,,6.3895,260,38000,,420,,,,ADS-B,,,3103
795,2023-06-22 16:17:16 UTC,,,52.3374,,,6.2985,260,37975,,407,,-64 ft/min,,ADS-B,,,3103
796,2023-06-22 16:18:07 UTC,,,52.3213,,,6.1385,260,38025,,420,,440 ft/min,,ADS-B,,,3103
797,2023-06-22 16:19:02 UTC,,,52.3023,,,5.9635,259,38000,,430,,,,ADS-B,,,3103
798,2023-06-22 16:19:40 UTC,,,52.2885,,,5.8386,260,38000,,430,,,,ADS-B,,,3103
799,2023-06-22 16:20:14 UTC,,,52.2766,,,5.7304,259,38000,,430,,-60 ft/min,,ADS-B,,,3103
800,2023-06-22 16:20:42 UTC,,,52.2669,,,5.6415,260,38000,,430,,190 ft/min,,ADS-B,,,3103
801,2023-06-22 16:21:16 UTC,,,52.2552,,,5.5333,259,39325,,434,,-128 ft/min,,ADS-B,,,3103
802,2023-06-22 16:21:46 UTC,,,52.2438,,,5.4363,259,38025,,433,,,,ADS-B,,,3103
803,2023-06-22 16:22:20 UTC,,,52.2312,,,5.3304,259,38025,,433,,,,ADS-B,,,3103
804,2023-06-22 16:22:50 UTC,,,52.2203,,,5.2312,260,37700,,433,,,,ADS-B,,,3103
805,2023-06-22 16:23:25 UTC,,,52.2087,,,5.1261,259,36775,,410,,-2110 ft/min,,ADS-B,,,3103
806,2023-06-22 16:23:53 UTC,,,52.198,,,5.0401,257,36125,,417,,,,ADS-B,,,3103
807,2023-06-22 16:24:29 UTC,,,52.1797,,,4.9361,251,36125,,390,,,,ADS-B,,,3103
808,2023-06-22 16:25:00 UTC,,,52.162,,,4.8452,253,36025,,401,,,,ADS-B,,,3103
809,2023-06-22 16:25:29 UTC,,,52.1461,,,4.7586,254,36025,,420,,,,ADS-B,,,3103
810,2023-06-22 16:26:01 UTC,,,52.1273,,,4.6616,253,36000,,410,,-190 ft/min,,ADS-B,,,3103
811,2023-06-22 16:26:33 UTC,,,52.1086,,,4.5654,253,35925,,400,,,,ADS-B,,,3103
812,2023-06-22 16:27:02 UTC,,,52.0927,,,4.4811,253,35025,,406,,-2592 ft/min,,ADS-B,,,3103
813,2023-06-22 16:27:49 UTC,,,52.0666,,,4.3474,252,33475ADS-B,,,3103
814,2023-06-22 16:28:38 UTC,,,52.0387,,,4.2065,254,31625,,390,,,,ADS-B,,,3103
815,2023-06-22 16:29:08 UTC,,,52.0285,,,4.1203,262,30350,,402,,,,ADS-B,,,3103
816,2023-06-22 16:29:40 UTC,,,52.0211,,,4.022,263,28975,,403,,,,ADS-B,,,3103
817,2023-06-22 16:30:12 UTC,,,52.0147,,,3.9267,264,27950,,390,,,,ADS-B,,,3103
818,2023-06-22 16:30:41 UTC,,,52.0086,,,3.8422,264,27950,,400,,,,ADS-B,,,3103
819,2023-06-22 16:31:18 UTC,,,52.0008,,,3.7294,263,28000,,411,,,,ADS-B,,,3103
820,2023-06-22 16:31:49 UTC,,,51.9946,,,3.6369,264,28000,,411,,,,ADS-B,,,3103
821,2023-06-22 16:32:17 UTC,,,51.9889,,,3.5523,264,28000,,408,,,,ADS-B,,,3103
822,2023-06-22 16:32:53 UTC,,,51.9812,,,3.4411,264,28000,,408,,,,ADS-B,,,3103
823,2023-06-22 16:33:23 UTC,,,51.9748,,,3.3512,263,28000,,407,,,,ADS-B,,,3103
824,2023-06-22 16:33:54 UTC,,,51.9683,,,3.2596,263,27975,,411,,,,ADS-B,,,3103
825,2023-06-22 16:34:24 UTC,,,51.9614,,,3.1656,262,27975,,400,,,,ADS-B,,,3103
826,2023-06-22 16:34:53 UTC,,,51.956,,,3.0804,264,27350,,390,,,,ADS-B,,,3103
827,2023-06-22 16:35:23 UTC,,,51.9507,,,2.9914,264,26075,,392,,,,ADS-B,,,3103
828,2023-06-22 16:35:52 UTC,,,51.9452,,,2.9057,264,24900,,393,,,,ADS-B,,,3103
829,2023-06-22 16:36:12 UTC,,,51.9412,,,2.8475,264,24325,,391,,,,ADS-B,,,3103
830,2023-06-22 16:36:06 UTC,,,51.9428,,,2.8706,264,25200,,391,,,,ADS-B,,,3103
831,2023-06-22 16:36:31 UTC,,,51.9379,,,2.7977,264,23700,,375,,,,ADS-B,,,3103
832,2023-06-22 16:36:54 UTC,,,51.9337,,,2.7344,263,22900,,370,,,,ADS-B,,,3103
833,2023-06-22 16:37:14 UTC,,,51.9295,,,2.6772,263,22300,,377,,,,ADS-B,,,3103
834,2023-06-22 16:37:32 UTC,,,51.9257,,,2.6266,263,22000,,380,,-1020 ft/min,,ADS-B,,,3103
835,2023-06-22 16:37:53 UTC,,,51.9213,,,2.5643,264,22000,,383,,,,ADS-B,,,3103
836,2023-06-22 16:38:16 UTC,,,51.9171,,,2.501,264,21975,,370,,,,ADS-B,,,3103
837,2023-06-22 16:38:37 UTC,,,51.9134,,,2.4445,264,21350,,360,,,,ADS-B,,,3103
838,2023-06-22 16:38:57 UTC,,,51.9099,,,2.3901,264,20625,,363,,-2176 ft/min,,ADS-B,,,3103
839,2023-06-22 16:39:17 UTC,,,51.906,,,2.3339,263,19900,,359,,,,ADS-B,,,3103
840,2023-06-22 16:39:40 UTC,,,51.9037,,,2.2742,268,19175,,350,,,,ADS-B,,,3103
841,2023-06-22 16:39:56 UTC,,,51.9028,,,2.2305,268,18625,,350,,,,ADS-B,,,3103
842,2023-06-22 16:40:18 UTC,,,51.9015,,,2.1766,270,18025,,350,,,,ADS-B,,,3103
843,2023-06-22 16:40:38 UTC,,,51.9083,,,2.1245,290,17350,,350,,,,ADS-B,,,3103
844,2023-06-22 16:40:58 UTC,,,51.9202,,,2.0773,293,16625,,350,,,,ADS-B,,,3103
845,2023-06-22 16:41:19 UTC,,,51.9345,,,2.025,294,15875,,349,,,,ADS-B,,,3103
846,2023-06-22 16:41:38 UTC,,,51.9469,,,1.9808,294,15325,,340,,-1820 ft/min,,ADS-B,,,3103
847,2023-06-22 16:41:59 UTC,,,51.9604,,,1.9334,295,14800,,330,,,,ADS-B,,,3103
848,2023-06-22 16:42:08 UTC,,,51.9666,,,1.9115,295,14600,,340,,,,ADS-B,,,3103
849,2023-06-22 16:42:18 UTC,,,51.9735,,,1.8869,295,14375,,340,,,,ADS-B,,,3103
850,2023-06-22 16:42:46 UTC,,,51.9909,,,1.8257,295,14025,,330,,-320 ft/min,,ADS-B,,,3103
851,2023-06-22 16:42:55 UTC,,,51.9969,,,1.8046,295,13975,,333,,,,ADS-B,,,3103
852,2023-06-22 16:43:01 UTC,,,52.0007,,,1.7911,295,14000,,330,,,,ADS-B,,,3103
853,2023-06-22 16:43:15 UTC,,,52.0095,,,1.7591,294,13975,,330,,,,ADS-B,,,3103
854,2023-06-22 16:43:22 UTC,,,52.0149,,,1.74,295,14000,,333,,,,ADS-B,,,3103
855,2023-06-22 16:43:35 UTC,,,52.0229,,,1.7108,294,14175,,333,,,,ADS-B,,,3103
856,2023-06-22 16:43:46 UTC,,,52.0289,,,1.6894,295,14025,,330,,,,ADS-B,,,3103
857,2023-06-22 16:43:55 UTC,,,52.0353,,,1.6661,294,14000,,330,,-190 ft/min,,ADS-B,,,3103
858,2023-06-22 16:44:06 UTC,,,52.0411,,,1.6454,294,14000,,331,,,,ADS-B,,,3103
859,2023-06-22 16:44:15 UTC,,,52.0478,,,1.6209,295,14000,,320,,,,ADS-B,,,3103
860,2023-06-22 16:44:24 UTC,,,52.0534,,,1.6009,294,14000,,320,,,,ADS-B,,,3103
861,2023-06-22 16:44:35 UTC,,,52.0594,,,1.5797,295,14000,,330,,,,ADS-B,,,3103
862,2023-06-22 16:44:45 UTC,,,52.0663,,,1.5549,295,14000,,320,,,,ADS-B,,,3103
863,2023-06-22 16:44:56 UTC,,,52.0731,,,1.5302,293,13875,,320,,-1400 ft/min,,ADS-B,,,3103
864,2023-06-22 16:45:06 UTC,,,52.0795,,,1.5077,295,13600,,329,,,,ADS-B,,,3103
865,2023-06-22 16:45:16 UTC,,,52.0857,,,1.4856,294,13300,,320,,,,ADS-B,,,3103
866,2023-06-22 16:45:24 UTC,,,52.0908,,,1.4674,294,13000,,320,,,,ADS-B,,,3103
867,2023-06-22 16:45:35 UTC,,,52.0978,,,1.4423,294,12600,,320,,,,ADS-B,,,
868,2023-06-22 16:45:45 UTC,,,52.1036,,,1.4216,294,12275,,320,,,,ADS-B,,,
869,2023-06-22 16:45:56 UTC,,,52.1106,,,1.3971,295,11900,,320,,,,ADS-B,,,
870,2023-06-22 16:46:06 UTC,,,52.1169,,,1.375,295,11600,,320,,,,ADS-B,,,
871,2023-06-22 16:46:16 UTC,,,52.1239,,,1.3504,295,11325,,323,,,,ADS-B,,,433
872,2023-06-22 16:46:24 UTC,,,52.1284,,,1.3344,294,11125,,320,,,,ADS-B,,,433
873,2023-06-22 16:46:36 UTC,,,52.1359,,,1.3074,294,10850,,310,,,,ADS-B,,,433
874,2023-06-22 16:46:46 UTC,,,52.142,,,1.2853,294,10825,,300,,,,ADS-B,,,433
875,2023-06-22 16:46:56 UTC,,,52.1472,,,1.2669,294,10725,,290,,-510 ft/min,,ADS-B,,,433
876,2023-06-22 16:47:06 UTC,,,52.1527,,,1.2469,294,10650,,290,,,,ADS-B,,,433
877,2023-06-22 16:47:14 UTC,,,52.1576,,,1.2298,295,10575,,280,,-320 ft/min,,ADS-B,,,433
878,2023-06-22 16:47:27 UTC,,,52.1645,,,1.2054,295,10475,,270,,-700 ft/min,,ADS-B,,,433
879,2023-06-22 16:47:36 UTC,,,52.1698,,,1.1865,295,10325,,275,,-1340 ft/min,,ADS-B,,,433
880,2023-06-22 16:47:47 UTC,,,52.1749,,,1.1684,295,10125,,270,,-1150 ft/min,,ADS-B,,,433
881,2023-06-22 16:47:56 UTC,,,52.1798,,,1.15,293,9950,,270,,-832 ft/min,,ADS-B,,,433
882,2023-06-22 16:48:06 UTC,,,52.1843,,,1.1332,293,9850,,260,,-570 ft/min,,ADS-B,,,433
883,2023-06-22 16:48:15 UTC,,,52.1892,,,1.115,294,9750,,260,,,,ADS-B,,,433
884,2023-06-22 16:48:27 UTC,,,52.1947,,,1.095,294,9550,,258,,,,ADS-B,,,433
885,2023-06-22 16:48:36 UTC,,,52.1992,,,1.0786,295,9375,,257,,,,ADS-B,,,433
886,2023-06-22 16:48:46 UTC,,,52.2038,,,1.061,293,9225,,260,,,,ADS-B,,,433
887,2023-06-22 16:48:53 UTC,,,52.2072,,,1.0484,294,9175,,270,,-540 ft/min,,ADS-B,,,433
888,2023-06-22 16:49:07 UTC,,,52.2141,,,1.0224,294,8950,,260,,-760 ft/min,,ADS-B,,,433
889,2023-06-22 16:49:17 UTC,,,52.2191,,,1.0039,294,8850,,260,,-320 ft/min,,ADS-B,,,433
890,2023-06-22 16:49:26 UTC,,,52.2239,,,0.986,293,8800,,260,,,,ADS-B,,,433
891,2023-06-22 16:49:37 UTC,,,52.229,,,0.9671,294,8750,,260,,,,ADS-B,,,433
892,2023-06-22 16:49:46 UTC,,,52.2328,,,0.9515,288,8575,,250,,-890 ft/min,,ADS-B,,,433
893,2023-06-22 16:49:57 UTC,,,52.2362,,,0.9294,280,8375,,250,,-1210 ft/min,,ADS-B,,,433
894,2023-06-22 16:50:07 UTC,,,52.238,,,0.9089,277,8150,,250,,,,ADS-B,,,433
895,2023-06-22 16:50:21 UTC,,,52.2401,,,0.8846,277,7900,,250,,-1248 ft/min,,ADS-B,,,433
896,2023-06-22 16:50:30 UTC,,,52.2416,,,0.8658,278,7675,,250,,,,ADS-B,,,433
897,2023-06-22 16:50:41 UTC,,,52.2429,,,0.8459,276,7475,,260,,,,ADS-B,,,433
898,2023-06-22 16:50:46 UTC,,,52.2436,,,0.8348,275,7325,,257,,,,ADS-B,,,433
899,2023-06-22 16:50:52 UTC,,,52.2443,,,0.8225,276,7175,,258,,,,ADS-B,,,433
900,2023-06-22 16:51:09 UTC,,,52.2463,,,0.7895,275,6700,,262,,-1568 ft/min,,ADS-B,,,433
901,2023-06-22 16:51:14 UTC,,,52.2468,,,0.7816,275,6600,,263,,,,ADS-B,,,433
902,2023-06-22 16:51:21 UTC,,,52.2478,,,0.7658,276,6425,,260,,,,ADS-B,,,433
903,2023-06-22 16:51:25 UTC,,,52.2482,,,0.7585,276,6325,,260,,,,ADS-B,,,433
904,2023-06-22 16:51:29 UTC,,,52.2487,,,0.7501,276,6225,,265,,,,ADS-B,,,433
905,2023-06-22 16:51:35 UTC,,,52.2493,,,0.7391,276,6100,,260,,,,ADS-B,,,433
906,2023-06-22 16:51:40 UTC,,,52.25,,,0.7286,275,6000,,265,,,,ADS-B,,,433
907,2023-06-22 16:51:46 UTC,,,52.2507,,,0.7169,277,5850,,265,,,,ADS-B,,,433
908,2023-06-22 16:51:51 UTC,,,52.2512,,,0.7077,276,5750,,260,,,,ADS-B,,,433
909,2023-06-22 16:51:56 UTC,,,52.2519,,,0.6968,276,5625,,265,,,,ADS-B,,,433
910,2023-06-22 16:52:01 UTC,,,52.2525,,,0.6882,277,5550,,260,,,,ADS-B,,,433
911,2023-06-22 16:52:06 UTC,,,52.2533,,,0.6764,277,5400,,266,,,,ADS-B,,,433
912,2023-06-22 16:53:22 UTC,,,52.263,,,0.5233,275,3625,,268,,-1080 ft/min,,ADS-B,,,433
913,2023-06-22 16:53:28 UTC,,,52.2638,,,0.5108,275,3500,,260,,,,ADS-B,,,433
914,2023-06-22 16:53:33 UTC,,,52.2643,,,0.5009,275,3425,,260,,,,ADS-B,,,433
915,2023-06-22 16:53:37 UTC,,,52.2647,,,0.4949,276,3350,,267,,,,ADS-B,,,433
916,2023-06-22 16:53:41 UTC,,,52.2653,,,0.4852,275,3275,,268,,,,ADS-B,,,433
917,2023-06-22 16:53:44 UTC,,,52.2656,,,0.4793,275,3225,,260,,-890 ft/min,,ADS-B,,,433
918,2023-06-22 16:53:52 UTC,,,52.2665,,,0.463,275,3125,,260,,,,ADS-B,,,433
919,2023-06-22 16:53:56 UTC,,,52.267,,,0.4556,276,3075,,260,,-830 ft/min,,ADS-B,,,433
920,2023-06-22 16:54:02 UTC,,,52.2676,,,0.4443,275,3000,,250,,,,ADS-B,,,433
921,2023-06-22 16:54:06 UTC,,,52.2679,,,0.4379,275,2950,,258,,,,ADS-B,,,433
922,2023-06-22 16:54:13 UTC,,,52.2686,,,0.4246,275,2825,,257,,-1088 ft/min,,ADS-B,,,433
923,2023-06-22 16:54:17 UTC,,,52.269,,,0.4178,275,2775,,250,,,,ADS-B,,,433
924,2023-06-22 16:54:22 UTC,,,52.2696,,,0.407,276,2675,,257,,,,ADS-B,,,433
925,2023-06-22 16:54:28 UTC,,,52.2702,,,0.3957,275,2575,,256,,,,ADS-B,,,433
926,2023-06-22 16:54:34 UTC,,,52.271,,,0.3826,275,2475,,250,,,,ADS-B,,,433
927,2023-06-22 16:54:37 UTC,,,52.2713,,,0.3771,275,2450,,250,,,,ADS-B,,,433
928,2023-06-22 16:54:42 UTC,,,52.2717,,,0.3697,275,2425,,252,,,,ADS-B,,,433
929,2023-06-22 16:54:47 UTC,,,52.2723,,,0.3585,275,2450,,245,,,,ADS-B,,,433
930,2023-06-22 16:54:56 UTC,,,52.2733,,,0.3417,277,2425,,253,,,,ADS-B,,,433
931,2023-06-22 16:55:01 UTC,,,52.2737,,,0.3343,275,2450,,230,,-120 ft/min,,ADS-B,,,433
932,2023-06-22 16:55:05 UTC,,,52.2743,,,0.3248,278,2475,,230,,190 ft/min,,ADS-B,,,433
933,2023-06-22 16:55:11 UTC,,,52.2754,,,0.3161,283,2500,,220,,380 ft/min,,ADS-B,,,433
934,2023-06-22 16:55:17 UTC,,,52.277,,,0.3066,286,2525,,220,,,,ADS-B,,,433
935,2023-06-22 16:55:21 UTC,,,52.278,,,0.3009,286,2525,,220,,-120 ft/min,,ADS-B,,,433
936,2023-06-22 16:55:25 UTC,,,52.2795,,,0.2928,287,2500,,220,,,,ADS-B,,,433
937,2023-06-22 16:55:34 UTC,,,52.2821,,,0.2792,286,2475,,210,,,,ADS-B,,,433
938,2023-06-22 16:55:38 UTC,,,52.2828,,,0.2751,287,2475,,210,,,,ADS-B,,,433
939,2023-06-22 16:55:40 UTC,,,52.2837,,,0.2703,287,2475,,210,,,,ADS-B,,,433
940,2023-06-22 16:55:48 UTC,,,52.2858,,,0.2588,287,2475,,210,,,,ADS-B,,,433
941,2023-06-22 16:55:52 UTC,,,52.2871,,,0.2515,286,2475,,211,,120 ft/min,,ADS-B,,,433
942,2023-06-22 16:55:58 UTC,,,52.2887,,,0.2428,286,2475,,210,,,,ADS-B,,,433
943,2023-06-22 16:56:00 UTC,,,52.2892,,,0.2395,285,2475,,210,,120 ft/min,,ADS-B,,,433
944,2023-06-22 16:56:05 UTC,,,52.2908,,,0.2309,287,2475,,210,,-120 ft/min,,ADS-B,,,433
945,2023-06-22 16:56:10 UTC,,,52.2919,,,0.2242,286,2475,,210,,,,ADS-B,,,433
946,2023-06-22 16:56:17 UTC,,,52.2938,,,0.2139,286,2475,,210,,,,ADS-B,,,433
947,2023-06-22 16:56:21 UTC,,,52.2948,,,0.2085,285,2475,,209,,,,ADS-B,,,433
948,2023-06-22 16:56:27 UTC,,,52.2964,,,0.2,287,2475,,210,,,,ADS-B,,,433
949,2023-06-22 16:56:30 UTC,,,52.2973,,,0.1949,287,2475,,209,,,,ADS-B,,,433
950,2023-06-22 16:56:37 UTC,,,52.2993,,,0.1839,286,2475,,200,,,,ADS-B,,,433
951,2023-06-22 16:56:43 UTC,,,52.302,,,0.1741,298,2475,,200,,-190 ft/min,,ADS-B,,,433
952,2023-06-22 16:56:46 UTC,,,52.3035,,,0.1704,305,2475,,204,,,,ADS-B,,,433
953,2023-06-22 16:56:49 UTC,,,52.305,,,0.1675,310,2475,,190,,,,ADS-B,,,433
954,2023-06-22 16:56:58 UTC,,,52.3115,,,0.1598,332,2525,,196,,64 ft/min,,ADS-B,,,433
955,2023-06-22 16:57:04 UTC,,,52.3163,,,0.1569,344,2525,,190,,90 ft/min,,ADS-B,,,433
956,2023-06-22 16:57:08 UTC,,,52.3201,,,0.1561,355,2525,,190,,,,ADS-B,,,433
957,2023-06-22 16:57:12 UTC,,,52.3246,,,0.156,002,2525,,190,,280 ft/min,,ADS-B,,,433
958,2023-06-22 16:57:16 UTC,,,52.3277,,,0.1564,004,2525,,200,,,,ADS-B,,,433
959,2023-06-22 16:57:22 UTC,,,52.3333,,,0.1572,006,2500,,202,,,,ADS-B,,,433
960,2023-06-22 16:57:28 UTC,,,52.3393,,,0.1582,005,2475,,200,,-250 ft/min,,ADS-B,,,433
961,2023-06-22 16:57:34 UTC,,,52.3434,,,0.1589,007,2475,,197,,,,ADS-B,,,433
962,2023-06-22 16:57:39 UTC,,,52.3477,,,0.1596,004,2475,,180,,,,ADS-B,,,433
963,2023-06-22 16:57:43 UTC,,,52.3525,,,0.1605,006,2500,,180,,,,ADS-B,,,433
964,2023-06-22 16:57:47 UTC,,,52.3547,,,0.1608,006,2525,,188,,192 ft/min,,ADS-B,,,433
965,2023-06-22 16:57:54 UTC,,,52.3614,,,0.162,006,2525,,190,,-30 ft/min,,ADS-B,,,433
966,2023-06-22 16:57:59 UTC,,,52.3659,,,0.1627,006,2525,,194,,-160 ft/min,,ADS-B,,,433
967,2023-06-22 16:58:04 UTC,,,52.3707,,,0.1637,009,2500,,196,,-128 ft/min,,ADS-B,,,433
968,2023-06-22 16:58:08 UTC,,,52.374,,,0.1646,009,2525,,190,,,,ADS-B,,,433
969,2023-06-22 16:58:12 UTC,,,52.3783,,,0.1664,017,2525,,190,,-190 ft/min,,ADS-B,,,433
970,2023-06-22 16:58:20 UTC,,,52.3835,,,0.1706,028,2500,,190,,,,ADS-B,,,433
971,2023-06-22 16:58:23 UTC,,,52.3856,,,0.1731,038,2475,,191,,-224 ft/min,,ADS-B,,,433
972,2023-06-22 16:58:28 UTC,,,52.3892,,,0.1792,050,2475,,180,,,,ADS-B,,,433
973,2023-06-22 16:58:34 UTC,,,52.3919,,,0.1868,062,2475,,180,,,,ADS-B,,,433
974,2023-06-22 16:58:38 UTC,,,52.3929,,,0.1904,067,2475,,184,,,,ADS-B,,,433
975,2023-06-22 16:58:46 UTC,,,52.3951,,,0.2013,072,2475,,180,,,,ADS-B,,,433
976,2023-06-22 16:58:51 UTC,,,52.3965,,,0.2083,072,2500,,180,,,,ADS-B,,,433
977,2023-06-22 16:58:54 UTC,,,52.3972,,,0.2132,077,2475,,170,,,,ADS-B,,,433
978,2023-06-22 16:59:00 UTC,,,52.398,,,0.2214,087,2475,,180,,,,ADS-B,,,433
979,2023-06-22 16:59:03 UTC,,,52.398,,,0.2235,090,2500,,180,,,,ADS-B,,,433
980,2023-06-22 16:59:09 UTC,,,52.3974,,,0.2323,096,2475,,180,,120 ft/min,,ADS-B,,,433
981,2023-06-22 16:59:15 UTC,,,52.3962,,,0.2409,104,2425,,180,,-480 ft/min,,ADS-B,,,433
982,2023-06-22 16:59:18 UTC,,,52.3956,,,0.245,104,2400,,180,,-640 ft/min,,ADS-B,,,433
983,2023-06-22 16:59:24 UTC,,,52.3946,,,0.2533,101,2325,,180,,-890 ft/min,,ADS-B,,,433
984,2023-06-22 16:59:32 UTC,,,52.3934,,,0.2644,101,2200,,180,,,,ADS-B,,,433
985,2023-06-22 16:59:36 UTC,,,52.3928,,,0.2696,101,2200,,185,,-510 ft/min,,ADS-B,,,433
986,2023-06-22 16:59:40 UTC,,,52.392,,,0.2757,103,2150,,180,,,,ADS-B,,,433
987,2023-06-22 16:59:43 UTC,,,52.3916,,,0.2795,101,2125,,185,,-224 ft/min,,ADS-B,,,433
988,2023-06-22 16:59:48 UTC,,,52.3906,,,0.2866,103,2100,,180,,-30 ft/min,,ADS-B,,,433
989,2023-06-22 16:59:54 UTC,,,52.3895,,,0.2944,104,2100,,184,,-380 ft/min,,ADS-B,,,
990,2023-06-22 17:00:00 UTC,,,52.3884,,,0.3027,103,2050,,180,,-570 ft/min,,ADS-B,,,
991,2023-06-22 17:00:05 UTC,,,52.3876,,,0.3075,105,2000,,183,,,,ADS-B,,,
992,2023-06-22 17:00:10 UTC,,,52.3862,,,0.3171,104,1900,,180,,,,ADS-B,,,
993,2023-06-22 17:00:18 UTC,,,52.3848,,,0.3262,105,1775,,170,,-1080 ft/min,,ADS-B,,,
994,2023-06-22 17:00:24 UTC,,,52.3837,,,0.3335,103,1675,,160,,-1050 ft/min,,ADS-B,,,433
995,2023-06-22 17:00:26 UTC,,,52.3833,,,0.3366,103,1625,,160,,-990 ft/min,,ADS-B,,,433
996,2023-06-22 17:00:34 UTC,,,52.382,,,0.3456,103,1550,,167,,-890 ft/min,,ADS-B,,,433
997,2023-06-22 17:00:35 UTC,,,52.3818,,,0.3474,103,1500,,160,,-1180 ft/min,,ADS-B,,,433
998,2023-06-22 17:00:43 UTC,,,52.3803,,,0.3577,104,1350,,171,,,,ADS-B,,,433
999,2023-06-22 17:01:21 UTC,,,52.3738,,,0.4028,103,750,,160,,-800 ft/min,,ADS-B,,,
1000,2023-06-22 17:01:23 UTC,,,52.3735,,,0.405,103,725,,160,,,,ADS-B,,,
1001,2023-06-22 17:01:39 UTC,,,52.3708,,,0.4238,103,500,,150,,-700 ft/min,,ADS-B,,,
1002,2023-06-22 17:01:42 UTC,,,52.3703,,,0.4269,102,450,,160,,,,ADS-B,,,
1003,2023-06-22 17:01:48 UTC,,,52.3693,,,0.4346,103,325,,160,,-1310 ft/min,,ADS-B,,,
1004,2023-06-22 17:02:00 UTC,,,52.3673,,,0.449,103,125,,150,,-890 ft/min,,ADS-B,,,433
1005,2023-06-22 17:02:06 UTC,,,52.3664,,,0.4551,103,50,,150,,-860 ft/min,,ADS-B,,,433
1006,2023-06-22 17:02:12 UTC,,,52.3653,,,0.4628,103,122,,160,,-760 ft/min,,ADS-B,,,433
1007,2023-06-22 17:02:18 UTC,,,52.3642,,,0.4701,104,47,,150,,-540 ft/min,,ADS-B,,,433
1008,2023-06-22 17:02:30 UTC,,,52.3626,,,0.4818,103,22,,146,,,,ADS-B,,,433
1009,2023-06-22 17:02:38 UTC,,,52.3615,,,0.4893,103,22,,146,,,,ADS-B,,,433
1010,2023-06-22 17:02:42 UTC,,,52.3612,,,0.4917,104,22,,100,,,,ADS-B,,,433
1011,2023-06-22 17:02:46 UTC,,,52.3608,,,0.4942,103,22,,80,,,,ADS-B,,,433
1012,2023-06-22 17:02:50 UTC,,,52.3604,,,0.4969,104,22,,60,,,,ADS-B,,,433
1013,2023-06-22 17:03:00 UTC,,,52.3599,,,0.5007,103,22,,40,,,,ADS-B,,,433
1014,2023-06-22 17:03:03 UTC,,,52.3597,,,0.502,103,22,,30,,,,ADS-B,,,433
1015,2023-06-22 17:03:09 UTC,,,52.3595,,,0.5033,103,22,,20,,,,ADS-B,,,433
1016,2023-06-22 17:03:24 UTC,,,52.3592,,,0.5053,104,22,,10,,,,ADS-B,,,433
1017,2023-06-22 17:03:33 UTC,,,52.359,,,0.5059,105,22ADS-B,,,433
1018,2023-06-22 17:03:42 UTC,,,52.3586,,,0.5062,159,22,,10,,,,ADS-B,,,433
1019,2023-06-22 17:04:01 UTC,,,52.3578,,,0.5059,193,22,,10,,,,ADS-B,,,433
1020,2023-06-22 17:04:05 UTC,,,52.3576,,,0.5057,202,22,,10,,,,ADS-B,,,433
1021,2023-06-22 17:04:57 UTC,,,52.3573,,,0.5011,283,22,,10,,,,ADS-B,,,433
1022,2023-06-22 17:05:00 UTC,,,52.3574,,,0.5008,283,22,,10,,,,ADS-B,,,433
1023,2023-06-22 17:05:09 UTC,,,52.3575,,,0.4998,283,22,,10,,,,ADS-B,,,433
1024,2023-06-22 17:05:24 UTC,,,52.3578,,,0.4981,283,22,,10,,,,ADS-B,,,433
1025,2023-06-22 17:05:39 UTC,,,52.358,,,0.4963,284,22,,10,,,,ADS-B,,,433
1026,2023-06-22 17:05:42 UTC,,,52.358,,,0.496,284,22,,10,,,,ADS-B,,,433
1027,2023-06-22 17:05:54 UTC,,,52.3583,,,0.4945,283,22,,10,,,,ADS-B,,,433
1028,2023-06-22 17:06:03 UTC,,,52.3584,,,0.4932,281,22,,10,,,,ADS-B,,,433
1029,2023-06-22 17:06:09 UTC,,,52.3582,,,0.4924,255,22,,10,,,,ADS-B,,,433
1030,2023-06-22 17:06:12 UTC,,,52.3582,,,0.492,255,22,,10,,,,ADS-B,,,433
1031,2023-06-22 17:06:15 UTC,,,52.3582,,,0.4919,250,22,,10,,,,ADS-B,,,433
1032,2023-06-22 17:06:24 UTC,,,52.3579,,,0.4903,255,22,,20,,,,ADS-B,,,433
1033,2023-06-22 17:06:30 UTC,,,52.3578,,,0.4896,254,22,,10,,,,ADS-B,,,433
1034,2023-06-22 17:06:50 UTC,,,52.3573,,,0.4871,255,22,,10,,,,ADS-B,,,433
1035,2023-06-22 17:07:16 UTC,,,52.3571,,,0.4853,257,22ADS-B,,,433
1036,2023-06-22 17:08:00 UTC,,,52.3589,,,0.4843,341,22,,10,,,,ADS-B,,,433
1037,2023-06-22 17:08:21 UTC,,,52.3594,,,0.4836,324,22ADS-B,,,433
1038,2023-06-22 17:08:30 UTC,,,52.3592,,,0.4834,215,22ADS-B,,,433
1039,2023-06-22 17:08:53 UTC,,,52.3587,,,0.4833,184,22ADS-B,,,433
